-0.001580,0.022288,0.772307,-0.011979,-0.011061,-0.688950,0.724625,0.100295,0.147487,0.195719,0.120749,-0.187838,-0.173981,0.100299,-0.185668,-0.243829,0.136580,-0.184855,0.163295,-0.026137,-0.028541,0.137942,-0.069716,0.301752,-0.643472,1.053380,0.076214,-0.011742,0.120919,-0.167127,-0.297487,0.979112,1.038676,-0.094208,-0.030862,-0.129069
-0.001578,0.022207,0.772284,-0.012039,-0.011081,-0.688982,0.724594,0.100654,0.147551,0.195847,0.120767,-0.188261,-0.173943,0.100713,-0.185581,-0.243867,0.136328,-0.184944,0.163595,-0.026007,-0.028565,0.138095,-0.069467,0.301969,-0.643392,1.052918,0.076292,-0.011736,0.121090,-0.167045,-0.297569,0.979269,1.038654,-0.093758,-0.030995,-0.129125
-0.001559,0.022070,0.772255,-0.012105,-0.011099,-0.689015,0.724561,0.101017,0.147620,0.195985,0.120780,-0.188695,-0.173881,0.101139,-0.185490,-0.243906,0.136051,-0.185029,0.163928,-0.025886,-0.028580,0.138240,-0.069273,0.302133,-0.643304,1.052549,0.076402,-0.011749,0.121271,-0.166954,-0.297643,0.979431,1.038639,-0.093285,-0.031150,-0.129181
-0.001494,0.021890,0.772216,-0.012168,-0.011113,-0.689045,0.724531,0.101371,0.147683,0.196105,0.120800,-0.189097,-0.173868,0.101544,-0.185404,-0.243944,0.135817,-0.185119,0.164194,-0.025768,-0.028574,0.138375,-0.069079,0.302232,-0.643218,1.052207,0.076469,-0.011740,0.121449,-0.166879,-0.297697,0.979591,1.038665,-0.092875,-0.031262,-0.129242
-0.001503,0.021782,0.772201,-0.012215,-0.011128,-0.689068,0.724508,0.101699,0.147736,0.196185,0.120803,-0.189388,-0.173985,0.101860,-0.185354,-0.243964,0.135741,-0.185234,0.164297,-0.025745,-0.028565,0.138500,-0.068772,0.302371,-0.643008,1.051779,0.076422,-0.011716,0.121574,-0.166812,-0.297785,0.979859,1.038634,-0.092594,-0.031284,-0.129313
-0.001490,0.021679,0.772191,-0.012263,-0.011140,-0.689084,0.724492,0.102023,0.147780,0.196209,0.120789,-0.189506,-0.174329,0.102098,-0.185333,-0.243951,0.135875,-0.185393,0.164147,-0.025666,-0.028542,0.138636,-0.068527,0.302430,-0.642837,1.051436,0.076080,-0.011701,0.121658,-0.166730,-0.297828,0.980033,1.038644,-0.092615,-0.031154,-0.129345
-0.001440,0.021559,0.772180,-0.012318,-0.011146,-0.689093,0.724482,0.102339,0.147818,0.196191,0.120776,-0.189514,-0.174833,0.102266,-0.185340,-0.243912,0.136175,-0.185586,0.163820,-0.025830,-0.028496,0.138804,-0.068026,0.302566,-0.642305,1.050864,0.075637,-0.011699,0.121681,-0.166735,-0.297934,0.980488,1.038583,-0.092749,-0.030902,-0.129360
-0.001403,0.021434,0.772184,-0.012352,-0.011135,-0.689096,0.724479,0.102601,0.147847,0.196154,0.120754,-0.189498,-0.175327,0.102369,-0.185361,-0.243890,0.136519,-0.185779,0.163452,-0.025767,-0.028474,0.138903,-0.067816,0.302596,-0.642142,1.050616,0.075163,-0.011644,0.121688,-0.166636,-0.297963,0.980620,1.038577,-0.092995,-0.030676,-0.129423
-0.001350,0.021247,0.772182,-0.012347,-0.011093,-0.689092,0.724483,0.102756,0.147856,0.196114,0.120744,-0.189563,-0.175643,0.102437,-0.185383,-0.243923,0.136736,-0.185913,0.163187,-0.025842,-0.028441,0.138900,-0.067504,0.302616,-0.641974,1.050306,0.075037,-0.011426,0.121676,-0.166590,-0.297987,0.980805,1.038574,-0.093111,-0.030547,-0.129620
-0.001258,0.021030,0.772188,-0.012290,-0.010992,-0.689082,0.724496,0.102739,0.147865,0.196073,0.120752,-0.189739,-0.175710,0.102401,-0.185386,-0.244036,0.136840,-0.185995,0.163015,-0.026058,-0.028427,0.138734,-0.067240,0.302635,-0.641853,1.050141,0.075391,-0.010987,0.121592,-0.166599,-0.298018,0.981050,1.038548,-0.092955,-0.030576,-0.130032
-0.001152,0.020801,0.772175,-0.012189,-0.010853,-0.689062,0.724519,0.102600,0.147866,0.196019,0.120750,-0.189962,-0.175627,0.102273,-0.185386,-0.244207,0.136902,-0.186051,0.162878,-0.026351,-0.028405,0.138452,-0.066954,0.302647,-0.641821,1.049980,0.076053,-0.010351,0.121476,-0.166609,-0.298046,0.981256,1.038485,-0.092677,-0.030684,-0.130599
-0.001095,0.020607,0.772154,-0.012085,-0.010711,-0.689039,0.724544,0.102454,0.147837,0.195973,0.120764,-0.190225,-0.175480,0.102171,-0.185408,-0.244385,0.136904,-0.186078,0.162832,-0.026619,-0.028415,0.138186,-0.066765,0.302648,-0.641857,1.049955,0.076752,-0.009793,0.121344,-0.166628,-0.298063,0.981384,1.038407,-0.092471,-0.030855,-0.131146
-0.001147,0.020506,0.772143,-0.011975,-0.010602,-0.689007,0.724578,0.102344,0.147766,0.195918,0.120785,-0.190493,-0.175352,0.102147,-0.185466,-0.244552,0.136821,-0.186062,0.162932,-0.026847,-0.028398,0.137876,-0.066398,0.302640,-0.641908,1.049765,0.077318,-0.009362,0.121275,-0.166579,-0.298091,0.981658,1.038385,-0.092317,-0.031091,-0.131633
-0.001058,0.020306,0.772121,-0.011908,-0.010546,-0.688975,0.724611,0.102405,0.147612,0.195901,0.120785,-0.190760,-0.175239,0.102297,-0.185597,-0.244660,0.136663,-0.186010,0.163292,-0.026913,-0.028436,0.137749,-0.066163,0.302617,-0.641927,1.049724,0.077705,-0.009339,0.121230,-0.166504,-0.298121,0.981882,1.038352,-0.092617,-0.031439,-0.131920
-0.000990,0.020114,0.772113,-0.011843,-0.010529,-0.688933,0.724652,0.102530,0.147405,0.195885,0.120788,-0.191044,-0.175104,0.102584,-0.185766,-0.244766,0.136352,-0.185881,0.163847,-0.027040,-0.028443,0.137593,-0.065704,0.302555,-0.641852,1.049585,0.078046,-0.009510,0.121258,-0.166392,-0.298176,0.982358,1.038370,-0.093038,-0.031906,-0.132172
-0.000907,0.019951,0.772106,-0.011785,-0.010503,-0.688891,0.724693,0.102653,0.147186,0.195868,0.120791,-0.191333,-0.174989,0.102853,-0.185950,-0.244860,0.136069,-0.185771,0.164393,-0.027081,-0.028492,0.137537,-0.065445,0.302528,-0.641831,1.049535,0.078285,-0.009758,0.121243,-0.166305,-0.298194,0.982532,1.038323,-0.093496,-0.032318,-0.132285
-0.000861,0.019835,0.772093,-0.011710,-0.010448,-0.688852,0.724732,0.102698,0.147017,0.195828,0.120792,-0.191601,-0.174942,0.103003,-0.186099,-0.244957,0.135901,-0.185742,0.164726,-0.027333,-0.028485,0.137372,-0.065134,0.302438,-0.641756,1.049512,0.078366,-0.009915,0.121213,-0.166276,-0.298247,0.982807,1.038232,-0.093452,-0.032520,-0.132318
-0.000817,0.019711,0.772069,-0.011609,-0.010343,-0.688822,0.724764,0.102616,0.146932,0.195774,0.120798,-0.191840,-0.174997,0.102950,-0.186191,-0.245046,0.135913,-0.185815,0.164676,-0.027706,-0.028453,0.137185,-0.064995,0.302357,-0.641758,1.049567,0.078103,-0.010010,0.121139,-0.166352,-0.298287,0.982777,1.037995,-0.092659,-0.032428,-0.132191
-0.000670,0.019486,0.772058,-0.011506,-0.010198,-0.688797,0.724791,0.102469,0.146895,0.195718,0.120793,-0.192055,-0.175123,0.102761,-0.186249,-0.245119,0.136058,-0.185965,0.164388,-0.028098,-0.028408,0.136983,-0.064991,0.302289,-0.641872,1.049682,0.077572,-0.010088,0.121040,-0.166470,-0.298312,0.982476,1.037677,-0.091405,-0.032149,-0.131932
-0.000606,0.019302,0.772059,-0.011389,-0.010055,-0.688766,0.724824,0.102295,0.146845,0.195622,0.120806,-0.192288,-0.175261,0.102570,-0.186322,-0.245219,0.136204,-0.186134,0.164139,-0.028382,-0.028401,0.136796,-0.065130,0.302230,-0.642120,1.049890,0.077084,-0.010077,0.120893,-0.166512,-0.298324,0.981938,1.037318,-0.090341,-0.031790,-0.131593
-0.000545,0.019115,0.772055,-0.011262,-0.009948,-0.688711,0.724880,0.102165,0.146709,0.195449,0.120795,-0.192541,-0.175347,0.102567,-0.186445,-0.245409,0.136097,-0.186204,0.164201,-0.028401,-0.028450,0.136653,-0.065416,0.302127,-0.642581,1.050208,0.076958,-0.009883,0.120695,-0.166370,-0.298340,0.981139,1.036983,-0.090094,-0.031462,-0.131222
-0.000456,0.018906,0.772045,-0.011129,-0.009882,-0.688617,0.724972,0.102072,0.146432,0.195146,0.120800,-0.192841,-0.175369,0.102845,-0.186667,-0.245769,0.135616,-0.186157,0.164845,-0.028594,-0.028573,0.136546,-0.065437,0.302064,-0.642684,1.050371,0.077505,-0.009417,0.120369,-0.166249,-0.298347,0.980744,1.036755,-0.090896,-0.031140,-0.130850
-0.000379,0.018697,0.772028,-0.010978,-0.009848,-0.688498,0.725088,0.101998,0.146069,0.194748,0.120792,-0.193157,-0.175360,0.103309,-0.186944,-0.246249,0.134869,-0.186030,0.165856,-0.028775,-0.028748,0.136469,-0.065404,0.302008,-0.642682,1.050516,0.078493,-0.008743,0.119950,-0.166077,-0.298350,0.980375,1.036578,-0.092467,-0.030790,-0.130432
-0.000307,0.018470,0.772018,-0.010835,-0.009815,-0.688378,0.725204,0.101946,0.145707,0.194347,0.120779,-0.193498,-0.175325,0.103759,-0.187216,-0.246692,0.134182,-0.185893,0.166794,-0.028867,-0.028915,0.136449,-0.065488,0.301922,-0.642707,1.050704,0.079609,-0.008043,0.119533,-0.165894,-0.298358,0.979908,1.036405,-0.094125,-0.030467,-0.129973
-0.000244,0.018295,0.771998,-0.010719,-0.009743,-0.688285,0.725296,0.101877,0.145445,0.194027,0.120783,-0.193860,-0.175274,0.103987,-0.187414,-0.246940,0.133884,-0.185835,0.167211,-0.028979,-0.028967,0.136429,-0.065625,0.301838,-0.642888,1.050819,0.080359,-0.007484,0.119278,-0.165834,-0.298367,0.979658,1.036286,-0.094939,-0.030222,-0.129553
-0.000161,0.018123,0.771957,-0.010632,-0.009621,-0.688224,0.725357,0.101791,0.145326,0.193795,0.120805,-0.194264,-0.175210,0.103856,-0.187501,-0.246891,0.134241,-0.185903,0.166802,-0.029182,-0.028874,0.136422,-0.065828,0.301782,-0.643243,1.050830,0.080725,-0.007092,0.119130,-0.165987,-0.298378,0.979706,1.036220,-0.094455,-0.030070,-0.129112
-0.000116,0.017904,0.771912,-0.010566,-0.009462,-0.688185,0.725397,0.101694,0.145294,0.193619,0.120821,-0.194689,-0.175130,0.103478,-0.187525,-0.246638,0.135043,-0.186061,0.165867,-0.029227,-0.028690,0.136322,-0.066310,0.301702,-0.644223,1.051042,0.080541,-0.006783,0.119123,-0.166153,-0.298396,0.979984,1.036205,-0.092962,-0.029987,-0.128710
-0.000009,0.017707,0.771918,-0.010507,-0.009310,-0.688159,0.725424,0.101624,0.145287,0.193506,0.120838,-0.195128,-0.175022,0.103080,-0.187534,-0.246345,0.135888,-0.186241,0.164869,-0.029267,-0.028480,0.136294,-0.066721,0.301647,-0.645007,1.051083,0.080360,-0.006567,0.119259,-0.166373,-0.298414,0.980286,1.036224,-0.091515,-0.029952,-0.128367
0.000109,0.017520,0.771937,-0.010452,-0.009182,-0.688145,0.725440,0.101603,0.145247,0.193480,0.120853,-0.195561,-0.174884,0.102880,-0.187569,-0.246151,0.136355,-0.186377,0.164268,-0.029256,-0.028346,0.136364,-0.067027,0.301640,-0.645259,1.051000,0.080304,-0.006493,0.119583,-0.166559,-0.298419,0.980433,1.036285,-0.090907,-0.029965,-0.128167
0.000240,0.017348,0.771956,-0.010394,-0.009119,-0.688153,0.725434,0.101664,0.145139,0.193610,0.120884,-0.195900,-0.174716,0.102895,-0.187699,-0.246071,0.136453,-0.186519,0.164266,-0.028969,-0.028298,0.136513,-0.067407,0.301619,-0.645514,1.050934,0.079909,-0.006596,0.120400,-0.166674,-0.298427,0.980646,1.036520,-0.091340,-0.030038,-0.128299
0.000345,0.017206,0.771963,-0.010335,-0.009091,-0.688175,0.725414,0.101781,0.145006,0.193843,0.120895,-0.196160,-0.174522,0.103065,-0.187858,-0.246065,0.136262,-0.186633,0.164587,-0.028495,-0.028293,0.136633,-0.067634,0.301616,-0.645459,1.050722,0.079583,-0.006824,0.121427,-0.166661,-0.298429,0.980680,1.036846,-0.092527,-0.030123,-0.128541
0.000380,0.017075,0.771956,-0.010284,-0.009063,-0.688204,0.725387,0.101937,0.144880,0.194102,0.120897,-0.196552,-0.174292,0.103301,-0.188000,-0.246075,0.135951,-0.186752,0.164995,-0.028260,-0.028280,0.137068,-0.067919,0.301590,-0.644816,1.050448,0.079405,-0.007164,0.122593,-0.166904,-0.298426,0.980806,1.037142,-0.093890,-0.030319,-0.128909
0.000525,0.016848,0.771911,-0.010217,-0.008967,-0.688200,0.725394,0.101961,0.144803,0.194193,0.120935,-0.197284,-0.174009,0.103447,-0.188066,-0.246154,0.135691,-0.186923,0.165244,-0.028002,-0.028198,0.137224,-0.068149,0.301589,-0.644559,1.050241,0.079257,-0.007398,0.123371,-0.167011,-0.298425,0.980853,1.037185,-0.094139,-0.030448,-0.129095
0.000621,0.016612,0.771855,-0.010122,-0.008745,-0.688141,0.725454,0.101760,0.144813,0.194050,0.120980,-0.198458,-0.173702,0.103421,-0.187999,-0.246326,0.135504,-0.187127,0.165170,-0.028080,-0.027986,0.137200,-0.068345,0.301597,-0.644331,1.050079,0.079448,-0.007528,0.123735,-0.167188,-0.298425,0.980873,1.036934,-0.093038,-0.030574,-0.129158
0.000711,0.016360,0.771800,-0.009994,-0.008453,-0.688046,0.725549,0.101405,0.144878,0.193758,0.121047,-0.199964,-0.173365,0.103280,-0.187850,-0.246568,0.135331,-0.187358,0.164936,-0.028380,-0.027710,0.137070,-0.068499,0.301645,-0.644025,1.049915,0.079867,-0.007615,0.123845,-0.167443,-0.298437,0.980922,1.036497,-0.091051,-0.030713,-0.129163
0.000815,0.016131,0.771750,-0.009892,-0.008181,-0.687960,0.725635,0.101153,0.144927,0.193453,0.121105,-0.201604,-0.172941,0.103271,-0.187701,-0.246823,0.135061,-0.187614,0.164795,-0.028497,-0.027434,0.136939,-0.068650,0.301663,-0.643922,1.049789,0.080095,-0.007692,0.123808,-0.167585,-0.298441,0.980905,1.035889,-0.088783,-0.030806,-0.129039
0.000911,0.015933,0.771695,-0.009853,-0.008031,-0.687929,0.725667,0.101226,0.144905,0.193266,0.121184,-0.203223,-0.172378,0.103534,-0.187628,-0.247005,0.134707,-0.187929,0.164994,-0.028241,-0.027283,0.137105,-0.068928,0.301706,-0.643702,1.049735,0.079942,-0.007846,0.123607,-0.167754,-0.298459,0.980948,1.035143,-0.086726,-0.030823,-0.128670
0.001016,0.015741,0.771637,-0.009899,-0.008047,-0.687941,0.725654,0.101738,0.144773,0.193148,0.121264,-0.204896,-0.171553,0.104337,-0.187643,-0.247221,0.133950,-0.188264,0.165779,-0.027879,-0.027333,0.137743,-0.069168,0.301804,-0.642678,1.049586,0.079335,-0.008245,0.122964,-0.168077,-0.298511,0.981223,1.034106,-0.084868,-0.030612,-0.127847
0.001100,0.015551,0.771565,-0.010004,-0.008159,-0.687986,0.725609,0.102522,0.144564,0.193072,0.121373,-0.206689,-0.170531,0.105430,-0.187731,-0.247447,0.133035,-0.188681,0.166958,-0.027397,-0.027475,0.138569,-0.069235,0.301930,-0.641212,1.049311,0.078374,-0.008776,0.122018,-0.168417,-0.298582,0.981674,1.032905,-0.083000,-0.030260,-0.126707
0.001210,0.015349,0.771476,-0.010157,-0.008330,-0.688088,0.725508,0.103532,0.144333,0.193147,0.121456,-0.208352,-0.169540,0.106603,-0.187851,-0.247511,0.132205,-0.189099,0.168127,-0.026624,-0.027639,0.139567,-0.069452,0.302046,-0.640033,1.049169,0.077360,-0.009182,0.121186,-0.168822,-0.298654,0.982315,1.031655,-0.081246,-0.029976,-0.125592
0.001306,0.015129,0.771416,-0.010329,-0.008533,-0.688275,0.725326,0.104670,0.144140,0.193495,0.121531,-0.209652,-0.168814,0.107538,-0.187991,-0.247212,0.131876,-0.189511,0.168881,-0.026184,-0.027698,0.140764,-0.069414,0.302262,-0.638756,1.048798,0.076906,-0.009211,0.120817,-0.169781,-0.298804,0.984181,1.030482,-0.079433,-0.029957,-0.124864
0.001481,0.014978,0.771369,-0.010583,-0.008780,-0.688576,0.725034,0.106075,0.143979,0.194198,0.121562,-0.210467,-0.168479,0.108293,-0.188150,-0.246420,0.132110,-0.189908,0.169059,-0.025342,-0.027682,0.142216,-0.069802,0.302507,-0.638704,1.048747,0.076881,-0.008541,0.121228,-0.171018,-0.299007,0.986797,1.029466,-0.077504,-0.030451,-0.124773
0.001642,0.014759,0.771348,-0.010895,-0.009097,-0.688970,0.724651,0.107736,0.143822,0.195180,0.121577,-0.210949,-0.168391,0.108953,-0.188347,-0.245256,0.132767,-0.190321,0.168897,-0.024065,-0.027643,0.143952,-0.070653,0.302712,-0.639504,1.049062,0.077145,-0.007413,0.122114,-0.172406,-0.299216,0.989732,1.028470,-0.075663,-0.031298,-0.125045
0.001802,0.014512,0.771355,-0.011189,-0.009385,-0.689410,0.724224,0.109380,0.143678,0.196321,0.121589,-0.211262,-0.168366,0.109425,-0.188538,-0.243937,0.133620,-0.190666,0.168569,-0.022831,-0.027546,0.145546,-0.071264,0.302944,-0.640357,1.049277,0.077362,-0.006313,0.123205,-0.173946,-0.299506,0.993288,1.027505,-0.074019,-0.032086,-0.125371
0.002011,0.014190,0.771369,-0.011399,-0.009548,-0.689853,0.723797,0.110759,0.143581,0.197519,0.121601,-0.211567,-0.168223,0.109630,-0.188673,-0.242672,0.134399,-0.190817,0.168254,-0.021807,-0.027414,0.146750,-0.071347,0.303233,-0.640492,1.049208,0.077399,-0.005783,0.124108,-0.175452,-0.299942,0.997010,1.026371,-0.073149,-0.032440,-0.125347
0.002195,0.013824,0.771408,-0.011492,-0.009561,-0.690297,0.723371,0.111808,0.143581,0.198785,0.121616,-0.211837,-0.167904,0.109485,-0.188701,-0.241477,0.135110,-0.190672,0.167898,-0.020694,-0.027231,0.147462,-0.071042,0.303461,-0.639933,1.049039,0.077108,-0.006067,0.124900,-0.176825,-0.300394,1.000397,1.025142,-0.073704,-0.032106,-0.124730
0.002414,0.013450,0.771442,-0.011525,-0.009456,-0.690763,0.722927,0.112650,0.143653,0.200165,0.121648,-0.212015,-0.167508,0.109019,-0.188668,-0.240251,0.135929,-0.190345,0.167445,-0.019791,-0.026965,0.147861,-0.070223,0.303677,-0.638615,1.048632,0.076729,-0.006862,0.125699,-0.178272,-0.300991,1.004145,1.023758,-0.075139,-0.031318,-0.123787
0.002578,0.013104,0.771463,-0.011509,-0.009293,-0.691237,0.722477,0.113355,0.143731,0.201579,0.121674,-0.212211,-0.167092,0.108457,-0.188616,-0.239043,0.136614,-0.189938,0.167052,-0.018451,-0.026748,0.148011,-0.069699,0.303765,-0.637773,1.048583,0.076252,-0.007820,0.126297,-0.179539,-0.301372,1.007191,1.022659,-0.077047,-0.030554,-0.122760
0.002784,0.012674,0.771454,-0.011454,-0.009123,-0.691702,0.722034,0.113983,0.143748,0.202948,0.121692,-0.212558,-0.166706,0.107966,-0.188597,-0.237903,0.137041,-0.189619,0.166878,-0.017574,-0.026536,0.148090,-0.068968,0.303864,-0.636665,1.048379,0.076127,-0.008619,0.126404,-0.180979,-0.301848,1.010604,1.021686,-0.078250,-0.030185,-0.121965
0.003009,0.012229,0.771437,-0.011370,-0.008950,-0.692184,0.721576,0.114542,0.143706,0.204335,0.121715,-0.213033,-0.166355,0.107553,-0.188607,-0.236779,0.137144,-0.189337,0.167030,-0.016437,-0.026418,0.148081,-0.068578,0.303967,-0.636236,1.048405,0.076260,-0.009222,0.125781,-0.182278,-0.302224,1.013400,1.021091,-0.078898,-0.030533,-0.121449
0.003223,0.011848,0.771443,-0.011246,-0.008749,-0.692680,0.721105,0.115007,0.143633,0.205756,0.121729,-0.213578,-0.166014,0.107118,-0.188631,-0.235666,0.137038,-0.189046,0.167402,-0.015191,-0.026355,0.147925,-0.068287,0.304075,-0.636105,1.048525,0.076581,-0.009784,0.124622,-0.183525,-0.302513,1.015874,1.020790,-0.079291,-0.031306,-0.121076
0.003399,0.011519,0.771445,-0.011083,-0.008528,-0.693138,0.720669,0.115363,0.143514,0.207052,0.121748,-0.214300,-0.165697,0.106736,-0.188685,-0.234678,0.136761,-0.188889,0.167831,-0.014114,-0.026347,0.147685,-0.067979,0.304219,-0.635982,1.048597,0.076963,-0.010254,0.123349,-0.184760,-0.302777,1.018196,1.020493,-0.079591,-0.032068,-0.120775
0.003622,0.011205,0.771447,-0.010885,-0.008288,-0.693510,0.720317,0.115602,0.143337,0.208065,0.121775,-0.215285,-0.165416,0.106442,-0.188792,-0.233924,0.136441,-0.189052,0.168156,-0.012996,-0.026456,0.147452,-0.067995,0.304331,-0.636078,1.048854,0.077248,-0.010577,0.122386,-0.185850,-0.302915,1.019780,1.020066,-0.080290,-0.032417,-0.120418
0.003847,0.010812,0.771413,-0.010641,-0.008026,-0.693760,0.720083,0.115670,0.143106,0.208650,0.121795,-0.216574,-0.165243,0.106225,-0.188956,-0.233497,0.136143,-0.189628,0.168276,-0.012585,-0.026616,0.147145,-0.067696,0.304519,-0.635869,1.048829,0.077348,-0.010599,0.121969,-0.186918,-0.303054,1.021220,1.019237,-0.081104,-0.032033,-0.120040
0.004065,0.010330,0.771344,-0.010356,-0.007743,-0.693926,0.719930,0.115594,0.142833,0.208939,0.121828,-0.218116,-0.165151,0.106085,-0.189158,-0.233306,0.135759,-0.190483,0.168292,-0.012230,-0.026890,0.146821,-0.067682,0.304694,-0.635825,1.049006,0.077407,-0.010422,0.121779,-0.187785,-0.303114,1.021777,1.018194,-0.082305,-0.031257,-0.119602
0.004220,0.009873,0.771272,-0.010041,-0.007452,-0.694049,0.719819,0.115456,0.142493,0.209127,0.121876,-0.219862,-0.164998,0.105997,-0.189428,-0.233230,0.135313,-0.191553,0.168363,-0.011752,-0.027217,0.146487,-0.067839,0.304798,-0.635893,1.049197,0.077513,-0.010265,0.121622,-0.188678,-0.303131,1.022250,1.017237,-0.083578,-0.030428,-0.119198
0.004364,0.009438,0.771188,-0.009696,-0.007175,-0.694175,0.719705,0.115347,0.142064,0.209432,0.121924,-0.221741,-0.164643,0.105972,-0.189783,-0.233144,0.134730,-0.192719,0.168642,-0.011382,-0.027629,0.146172,-0.067767,0.305243,-0.635700,1.048895,0.077548,-0.010415,0.121223,-0.190113,-0.303156,1.024305,1.016659,-0.084150,-0.029934,-0.119015
0.004520,0.008941,0.771095,-0.009311,-0.006937,-0.694329,0.719564,0.115306,0.141504,0.209952,0.121982,-0.223738,-0.163923,0.106018,-0.190264,-0.232932,0.133949,-0.193920,0.169360,-0.010600,-0.028168,0.145892,-0.067887,0.305727,-0.635463,1.048539,0.077790,-0.011144,0.120485,-0.191816,-0.303168,1.027162,1.016497,-0.083990,-0.029881,-0.119263
0.004646,0.008468,0.770995,-0.008875,-0.006731,-0.694483,0.719423,0.115290,0.140821,0.210556,0.122038,-0.225888,-0.162951,0.106137,-0.190852,-0.232693,0.132980,-0.195200,0.170371,-0.009698,-0.028810,0.145611,-0.068082,0.306258,-0.635136,1.048088,0.078107,-0.012250,0.119564,-0.193762,-0.303175,1.030753,1.016596,-0.083236,-0.030059,-0.119836
0.004828,0.007980,0.770874,-0.008419,-0.006515,-0.694603,0.719315,0.115232,0.140097,0.211119,0.122117,-0.228220,-0.162006,0.106272,-0.191491,-0.232603,0.132056,-0.196731,0.171271,-0.009236,-0.029497,0.145434,-0.067780,0.307232,-0.634079,1.046835,0.078574,-0.013257,0.118485,-0.196383,-0.303159,1.035825,1.017008,-0.082628,-0.030396,-0.120146
0.004981,0.007537,0.770739,-0.007982,-0.006241,-0.694651,0.719276,0.115108,0.139435,0.211516,0.122190,-0.230749,-0.161361,0.106415,-0.192076,-0.232852,0.131312,-0.198628,0.171650,-0.008206,-0.030076,0.145327,-0.068284,0.308014,-0.633655,1.046043,0.078901,-0.013726,0.117433,-0.199192,-0.303190,1.040973,1.017719,-0.083615,-0.030867,-0.119475
0.005154,0.007054,0.770582,-0.007601,-0.005901,-0.694613,0.719319,0.114957,0.138954,0.211681,0.122260,-0.233539,-0.161300,0.106531,-0.192505,-0.233444,0.130929,-0.201023,0.171223,-0.007695,-0.030504,0.145457,-0.068477,0.309231,-0.632523,1.044492,0.079241,-0.013336,0.116184,-0.202869,-0.303293,1.047817,1.018564,-0.086245,-0.031514,-0.117464
0.005351,0.006553,0.770420,-0.007260,-0.005507,-0.694508,0.719427,0.114783,0.138594,0.211692,0.122342,-0.236559,-0.161602,0.106671,-0.192835,-0.234297,0.130717,-0.203781,0.170267,-0.006879,-0.030821,0.145712,-0.069181,0.310427,-0.631690,1.043078,0.079444,-0.012402,0.114820,-0.206839,-0.303494,1.055189,1.019489,-0.090266,-0.032363,-0.114486
0.005595,0.006042,0.770224,-0.006917,-0.005051,-0.694349,0.719587,0.114049,0.138405,0.211546,0.123440,-0.240239,-0.161798,0.106820,-0.193151,-0.235462,0.130564,-0.206772,0.169227,-0.005967,-0.030985,0.146007,-0.070055,0.311639,-0.630837,1.041590,0.079795,-0.011387,0.113595,-0.211137,-0.303821,1.063088,1.020833,-0.094836,-0.033251,-0.111220
0.005837,0.005578,0.770006,-0.006521,-0.004519,-0.694149,0.719788,0.112901,0.138214,0.211333,0.125003,-0.244186,-0.161406,0.107009,-0.193556,-0.236996,0.130174,-0.209759,0.168531,-0.004835,-0.030993,0.146205,-0.071044,0.312789,-0.630040,1.040074,0.080501,-0.010749,0.112789,-0.215545,-0.304265,1.070949,1.022869,-0.099380,-0.034008,-0.108319
0.006105,0.005064,0.769792,-0.005975,-0.003889,-0.693923,0.720014,0.111322,0.137896,0.211154,0.126580,-0.247978,-0.160325,0.107054,-0.194136,-0.238916,0.129471,-0.212547,0.168292,-0.003206,-0.030843,0.146129,-0.072550,0.313607,-0.629790,1.039045,0.081865,-0.010575,0.112714,-0.220058,-0.304738,1.078618,1.025854,-0.104129,-0.034603,-0.105602
0.006517,0.004567,0.769572,-0.005341,-0.003159,-0.693659,0.720277,0.108864,0.137661,0.210867,0.129363,-0.252392,-0.158797,0.106993,-0.194779,-0.241202,0.128607,-0.215306,0.168273,-0.001850,-0.030495,0.145981,-0.073783,0.314564,-0.629060,1.037574,0.083866,-0.010628,0.113072,-0.225062,-0.305464,1.087180,1.029329,-0.109021,-0.035090,-0.102863
0.006901,0.003928,0.769328,-0.004727,-0.002421,-0.693335,0.720596,0.102125,0.138298,0.209815,0.141480,-0.261982,-0.156855,0.107184,-0.195450,-0.243827,0.127620,-0.218341,0.168380,-0.000165,-0.030075,0.145868,-0.075183,0.315472,-0.628371,1.036052,0.085667,-0.010895,0.113463,-0.230005,-0.306346,1.095442,1.033287,-0.113751,-0.035521,-0.100625
0.007246,0.003119,0.769035,-0.004218,-0.001789,-0.692932,0.720988,0.095854,0.138882,0.208489,0.153546,-0.272074,-0.154538,0.107995,-0.196107,-0.246755,0.126542,-0.221959,0.168513,0.001836,-0.029653,0.145931,-0.076649,0.316291,-0.627469,1.034408,0.086593,-0.011370,0.113444,-0.234672,-0.307275,1.103042,1.037765,-0.117736,-0.035926,-0.099453
0.007625,0.002327,0.768718,-0.003905,-0.001332,-0.692483,0.721422,0.090304,0.139455,0.206947,0.165661,-0.282826,-0.151920,0.109246,-0.196826,-0.249924,0.126289,-0.226866,0.168732,0.003993,-0.029228,0.146457,-0.077835,0.317228,-0.625851,1.032171,0.086067,-0.012180,0.112732,-0.239171,-0.308361,1.110308,1.042693,-0.120179,-0.036429,-0.099891
0.008009,0.001474,0.768362,-0.003715,-0.000979,-0.691987,0.721900,0.085154,0.140012,0.205212,0.177924,-0.294128,-0.148964,0.110739,-0.197634,-0.253351,0.126729,-0.232778,0.169065,0.006478,-0.028789,0.147252,-0.079007,0.318195,-0.623965,1.029647,0.084536,-0.013283,0.111630,-0.243558,-0.309478,1.117193,1.048268,-0.121619,-0.036988,-0.101509
0.008390,0.000500,0.768001,-0.003511,-0.000607,-0.691369,0.722493,0.080029,0.140450,0.203110,0.190112,-0.305761,-0.145540,0.113080,-0.198305,-0.257188,0.125811,-0.238300,0.169360,0.008984,-0.028352,0.147924,-0.080058,0.319246,-0.621862,1.026843,0.083101,-0.014411,0.110456,-0.247722,-0.310679,1.123557,1.054136,-0.123353,-0.037286,-0.103407
0.008915,-0.000538,0.767646,-0.003124,-0.000110,-0.690560,0.723268,0.074567,0.140577,0.200501,0.201934,-0.317467,-0.141510,0.115137,-0.199142,-0.261219,0.125119,-0.243925,0.169488,0.011368,-0.028036,0.148060,-0.080970,0.320425,-0.619766,1.023835,0.082834,-0.015300,0.109542,-0.251524,-0.312049,1.129169,1.059961,-0.126640,-0.037019,-0.104683
0.009419,-0.001686,0.767349,-0.002463,0.000559,-0.689508,0.724274,0.068403,0.140301,0.197275,0.213679,-0.329541,-0.136530,0.116606,-0.200301,-0.265496,0.125017,-0.249917,0.169607,0.013628,-0.027911,0.147404,-0.081868,0.321673,-0.617859,1.020718,0.084396,-0.015813,0.108819,-0.254783,-0.313565,1.133552,1.065608,-0.132764,-0.035786,-0.104687
0.009947,-0.002917,0.767067,-0.001614,0.001325,-0.688260,0.725461,0.061764,0.139679,0.193521,0.225468,-0.342023,-0.130769,0.117995,-0.201667,-0.270073,0.124840,-0.256039,0.169747,0.015867,-0.027952,0.146213,-0.082734,0.322989,-0.616018,1.017441,0.087080,-0.016114,0.108168,-0.257645,-0.315267,1.137027,1.071259,-0.140652,-0.033869,-0.104024
0.010505,-0.004237,0.766762,-0.000697,0.002130,-0.686908,0.726741,0.055376,0.138776,0.189440,0.236417,-0.354188,-0.124859,0.119254,-0.203133,-0.274698,0.125036,-0.262293,0.169568,0.018208,-0.028047,0.144824,-0.083516,0.324374,-0.614159,1.014068,0.089884,-0.016400,0.107860,-0.260223,-0.317180,1.140071,1.077039,-0.148417,-0.031953,-0.103680
0.011128,-0.005634,0.766495,0.000128,0.002931,-0.685533,0.728036,0.049850,0.137764,0.185180,0.245950,-0.365396,-0.119442,0.120718,-0.204408,-0.279213,0.125276,-0.268274,0.168701,0.020735,-0.028031,0.143598,-0.084150,0.325829,-0.612185,1.010661,0.091814,-0.016858,0.108170,-0.262683,-0.319332,1.143249,1.083116,-0.154088,-0.030718,-0.104661
0.011873,-0.007132,0.766203,0.000796,0.003725,-0.684145,0.729336,0.045327,0.136705,0.180702,0.253913,-0.375423,-0.114614,0.122478,-0.205386,-0.283587,0.125518,-0.273915,0.166969,0.023490,-0.027826,0.142644,-0.084580,0.327341,-0.609984,1.007138,0.092411,-0.017627,0.109437,-0.265191,-0.321748,1.147125,1.089617,-0.156848,-0.030491,-0.107732
0.012573,-0.008688,0.765912,0.001396,0.004528,-0.682704,0.730680,0.041471,0.135529,0.175949,0.260695,-0.384672,-0.110067,0.124412,-0.206195,-0.287910,0.125820,-0.279371,0.164590,0.026376,-0.027510,0.141785,-0.084835,0.328911,-0.607594,1.003484,0.092272,-0.018577,0.111424,-0.267588,-0.324424,1.151205,1.096379,-0.157944,-0.030850,-0.112201
0.013256,-0.010311,0.765646,0.001999,0.005338,-0.681212,0.732064,0.038272,0.134149,0.171108,0.266244,-0.393287,-0.105828,0.126459,-0.206999,-0.292179,0.126132,-0.284645,0.161801,0.029331,-0.027215,0.140908,-0.084944,0.330561,-0.605135,0.999844,0.092044,-0.019497,0.113539,-0.269767,-0.327378,1.154896,1.103262,-0.157997,-0.031375,-0.116888
0.014050,-0.011988,0.765358,0.002678,0.006150,-0.679671,0.733487,0.035713,0.132485,0.166355,0.270534,-0.401436,-0.101929,0.128539,-0.207962,-0.296383,0.126454,-0.289761,0.158838,0.032295,-0.027066,0.139909,-0.084949,0.332330,-0.602746,0.996346,0.092354,-0.020168,0.115190,-0.271498,-0.330625,1.157367,1.110028,-0.157858,-0.031627,-0.120611
0.014904,-0.013952,0.765084,0.003450,0.006945,-0.678125,0.734906,0.034058,0.130486,0.161930,0.273251,-0.409268,-0.098371,0.130618,-0.209142,-0.300346,0.126808,-0.294786,0.155729,0.035388,-0.027124,0.138745,-0.084745,0.334219,-0.600320,0.992944,0.093322,-0.020426,0.116229,-0.272770,-0.334205,1.158385,1.116546,-0.157193,-0.031547,-0.122692
0.015773,-0.015795,0.764813,0.004277,0.007729,-0.676558,0.736336,0.033235,0.128205,0.157684,0.274513,-0.416663,-0.095147,0.132748,-0.210462,-0.304126,0.127171,-0.299684,0.152368,0.038625,-0.027322,0.137483,-0.084353,0.336223,-0.597864,0.989586,0.094619,-0.020421,0.116968,-0.273599,-0.338143,1.158254,1.122869,-0.155845,-0.031346,-0.123879
0.016700,-0.017811,0.764498,0.005165,0.008522,-0.674884,0.737856,0.032686,0.125709,0.153217,0.275016,-0.423409,-0.092274,0.134933,-0.211889,-0.308071,0.127566,-0.304375,0.148773,0.041799,-0.027646,0.136179,-0.083994,0.338402,-0.595705,0.986387,0.096193,-0.020407,0.117501,-0.274026,-0.342454,1.157373,1.129203,-0.154504,-0.030998,-0.125136
0.017734,-0.019921,0.764170,0.006093,0.009369,-0.673014,0.739545,0.031899,0.123114,0.148106,0.275366,-0.429250,-0.089759,0.137235,-0.213332,-0.312539,0.127948,-0.308752,0.144952,0.044704,-0.028016,0.134898,-0.083860,0.340851,-0.594164,0.983410,0.097998,-0.020639,0.117920,-0.274117,-0.347143,1.156152,1.135800,-0.153825,-0.030531,-0.127433
0.018808,-0.021884,0.763838,0.007072,0.010283,-0.670926,0.741420,0.030898,0.120354,0.142202,0.275387,-0.434414,-0.087554,0.139438,-0.214852,-0.317609,0.128770,-0.313298,0.140886,0.047327,-0.028440,0.133618,-0.083946,0.343656,-0.593388,0.980561,0.100101,-0.021350,0.118265,-0.273922,-0.352186,1.154762,1.142864,-0.154025,-0.029845,-0.131387
0.019826,-0.024169,0.763506,0.008099,0.011245,-0.668661,0.743438,0.029935,0.117415,0.135745,0.274826,-0.438913,-0.085673,0.140878,-0.216702,-0.322932,0.131491,-0.318747,0.136565,0.049742,-0.028952,0.132332,-0.084094,0.346840,-0.593162,0.977726,0.102494,-0.022345,0.118471,-0.273424,-0.357576,1.152989,1.150234,-0.154727,-0.028970,-0.136363
0.020888,-0.026513,0.763155,0.009153,0.012232,-0.666231,0.745589,0.028780,0.114439,0.128925,0.274287,-0.442234,-0.084214,0.142299,-0.218608,-0.328540,0.134520,-0.323722,0.131999,0.051882,-0.029565,0.131126,-0.084291,0.350401,-0.593267,0.974942,0.105010,-0.023233,0.118471,-0.272497,-0.363338,1.150571,1.157450,-0.155761,-0.028034,-0.141444
0.021991,-0.028658,0.762762,0.010213,0.013220,-0.663644,0.747862,0.027212,0.111570,0.121929,0.274350,-0.443855,-0.083266,0.143625,-0.220577,-0.334285,0.138052,-0.327785,0.127195,0.053693,-0.030280,0.130089,-0.084489,0.354306,-0.593450,0.972235,0.107536,-0.023618,0.118200,-0.270994,-0.369526,1.147229,1.163999,-0.156950,-0.027163,-0.145712
0.023098,-0.031045,0.762360,0.011195,0.014240,-0.660810,0.750335,0.025117,0.108983,0.114481,0.275178,-0.443016,-0.083038,0.144725,-0.222454,-0.340133,0.142705,-0.330993,0.121219,0.055022,-0.030923,0.129250,-0.084621,0.358517,-0.593510,0.969502,0.110274,-0.023189,0.117567,-0.268816,-0.376184,1.142090,1.169765,-0.158564,-0.026480,-0.148655
0.024244,-0.033482,0.761943,0.012140,0.015287,-0.657750,0.752983,0.022633,0.106532,0.106598,0.276447,-0.440198,-0.083419,0.145666,-0.224310,-0.346157,0.148207,-0.333534,0.114363,0.055982,-0.031551,0.128559,-0.084787,0.363026,-0.593675,0.966816,0.113202,-0.022228,0.116634,-0.265959,-0.383340,1.135389,1.174906,-0.160718,-0.025877,-0.150844
0.025307,-0.035873,0.761488,0.013339,0.016254,-0.654693,0.755603,0.019917,0.103616,0.099073,0.277799,-0.436621,-0.083971,0.144059,-0.227693,-0.351693,0.158839,-0.338021,0.108540,0.057019,-0.032779,0.127874,-0.085198,0.367879,-0.594325,0.964484,0.115854,-0.021238,0.115552,-0.262626,-0.391046,1.129013,1.179405,-0.162507,-0.025159,-0.153000
0.026556,-0.038298,0.760832,0.015066,0.017028,-0.651852,0.758005,0.017119,0.099660,0.092661,0.278949,-0.433534,-0.084259,0.138738,-0.233764,-0.356342,0.176361,-0.345746,0.105636,0.058480,-0.035211,0.127099,-0.085993,0.373154,-0.595749,0.962729,0.117796,-0.020723,0.114467,-0.259017,-0.399349,1.124765,1.183246,-0.163182,-0.024126,-0.155843
0.027747,-0.040744,0.760101,0.017261,0.017668,-0.649172,0.760241,0.014178,0.094857,0.087262,0.279988,-0.431049,-0.084328,0.131880,-0.241693,-0.360938,0.196115,-0.354615,0.106781,0.060182,-0.038698,0.126216,-0.087226,0.378916,-0.598248,0.961745,0.118556,-0.020944,0.113340,-0.255305,-0.408302,1.123049,1.186206,-0.161728,-0.022478,-0.159951
0.028906,-0.043212,0.759232,0.019740,0.018234,-0.646545,0.762402,0.011115,0.089587,0.082483,0.280987,-0.428621,-0.084397,0.123892,-0.250923,-0.365548,0.217788,-0.364212,0.110683,0.061908,-0.042859,0.125379,-0.088732,0.385167,-0.601514,0.961234,0.118508,-0.021587,0.112107,-0.251343,-0.417920,1.122857,1.188292,-0.158902,-0.020413,-0.164820
0.030042,-0.045597,0.758298,0.022366,0.018698,-0.644042,0.764434,0.008021,0.084074,0.078319,0.282373,-0.426716,-0.084301,0.114385,-0.261299,-0.369516,0.242651,-0.374606,0.115481,0.063746,-0.047468,0.124877,-0.090366,0.391897,-0.604987,0.960729,0.118391,-0.022286,0.110899,-0.247065,-0.428209,1.124303,1.190012,-0.156233,-0.018499,-0.169549
0.031094,-0.048003,0.757278,0.025049,0.019011,-0.641742,0.766276,0.005135,0.078423,0.074824,0.284197,-0.425674,-0.083927,0.103048,-0.272624,-0.372149,0.271588,-0.385706,0.119326,0.065768,-0.052384,0.124971,-0.091946,0.399095,-0.608046,0.959755,0.118951,-0.022680,0.109840,-0.242414,-0.439145,1.127509,1.191904,-0.155303,-0.017288,-0.173231
0.032121,-0.050423,0.756171,0.027962,0.019247,-0.639635,0.767929,0.001838,0.072477,0.072092,0.286842,-0.425500,-0.083132,0.089568,-0.285035,-0.373133,0.304341,-0.397960,0.122734,0.067990,-0.057825,0.125391,-0.093450,0.406754,-0.610409,0.958237,0.120707,-0.022646,0.108950,-0.237647,-0.450730,1.133299,1.194286,-0.157075,-0.017231,-0.175754
0.033087,-0.052868,0.754970,0.031062,0.019412,-0.637684,0.769426,-0.001702,0.066313,0.070050,0.290027,-0.426039,-0.082044,0.074249,-0.298470,-0.372810,0.340417,-0.411184,0.126292,0.070303,-0.063704,0.126136,-0.094925,0.414890,-0.612373,0.956389,0.123154,-0.022393,0.108166,-0.232806,-0.462961,1.141411,1.196882,-0.160513,-0.017929,-0.177564
0.034084,-0.055416,0.753721,0.034011,0.019327,-0.635945,0.770743,-0.004310,0.060150,0.068534,0.293221,-0.427416,-0.080802,0.057626,-0.312655,-0.371372,0.380463,-0.424447,0.128298,0.072701,-0.069623,0.127813,-0.096225,0.423531,-0.614154,0.954110,0.125593,-0.022037,0.107482,-0.227448,-0.475776,1.150237,1.199349,-0.164257,-0.018634,-0.178586
0.035050,-0.058064,0.752421,0.036509,0.018796,-0.634478,0.771850,-0.004655,0.054114,0.067405,0.295512,-0.429653,-0.079527,0.040267,-0.327394,-0.368974,0.425033,-0.436679,0.127070,0.075232,-0.075275,0.131012,-0.097323,0.432722,-0.616115,0.951371,0.127226,-0.021700,0.106894,-0.221138,-0.489095,1.158217,1.201371,-0.166861,-0.018611,-0.178739
0.036111,-0.060608,0.751125,0.038537,0.017507,-0.633335,0.772719,-0.001890,0.047701,0.066741,0.296469,-0.432897,-0.078060,0.022916,-0.343058,-0.365254,0.474104,-0.447914,0.123046,0.078094,-0.080947,0.136247,-0.098250,0.442500,-0.618383,0.947937,0.128035,-0.021215,0.105993,-0.213854,-0.502899,1.165067,1.203084,-0.167562,-0.017406,-0.177511
0.037118,-0.063354,0.749869,0.040272,0.015637,-0.632480,0.773371,0.003159,0.040935,0.066561,0.296494,-0.437021,-0.076383,0.005243,-0.359504,-0.360213,0.526884,-0.458366,0.116872,0.081296,-0.086752,0.143070,-0.099111,0.452876,-0.620917,0.943924,0.128283,-0.020582,0.104915,-0.205739,-0.517184,1.171402,1.204586,-0.167362,-0.015497,-0.175113
0.038035,-0.066366,0.748705,0.041726,0.013702,-0.631846,0.773849,0.009331,0.034682,0.066661,0.295867,-0.441591,-0.074814,-0.013671,-0.375797,-0.354591,0.582571,-0.467066,0.107163,0.084619,-0.092176,0.150626,-0.099804,0.463827,-0.623605,0.939710,0.127842,-0.020159,0.104467,-0.196681,-0.531879,1.177242,1.205586,-0.167254,-0.013549,-0.172540
0.038897,-0.069373,0.747559,0.042913,0.012221,-0.631374,0.774194,0.015429,0.029800,0.066875,0.294966,-0.446227,-0.073675,-0.034744,-0.391110,-0.349144,0.640464,-0.473161,0.092462,0.087823,-0.096715,0.158043,-0.100321,0.475315,-0.626449,0.935763,0.126481,-0.020312,0.105458,-0.186536,-0.546864,1.182555,1.205823,-0.168254,-0.012234,-0.170784
0.039815,-0.072079,0.746462,0.043818,0.011292,-0.631117,0.774366,0.021261,0.026467,0.067291,0.293801,-0.450938,-0.072995,-0.058882,-0.405729,-0.343923,0.702395,-0.475943,0.070519,0.090969,-0.100231,0.165266,-0.100981,0.487361,-0.629934,0.932327,0.122842,-0.021555,0.108400,-0.175307,-0.562029,1.187184,1.205805,-0.170911,-0.011971,-0.169997
0.040546,-0.075133,0.745492,0.044456,0.010643,-0.631085,0.774366,0.027460,0.024186,0.067982,0.292118,-0.455849,-0.072621,-0.085242,-0.420111,-0.338718,0.767848,-0.475976,0.042569,0.094139,-0.103033,0.172670,-0.101691,0.499954,-0.633921,0.929127,0.117512,-0.023575,0.112755,-0.163093,-0.577317,1.191255,1.205648,-0.174528,-0.012330,-0.169690
0.041167,-0.078441,0.744584,0.044872,0.010234,-0.631156,0.774290,0.034108,0.022849,0.068766,0.289775,-0.460673,-0.072602,-0.112223,-0.433574,-0.333941,0.832937,-0.474440,0.012414,0.097024,-0.105260,0.180017,-0.101871,0.512989,-0.637478,0.925958,0.113067,-0.025485,0.117781,-0.149821,-0.592653,1.194881,1.204490,-0.178551,-0.012700,-0.169888
0.041700,-0.081898,0.743764,0.045106,0.010032,-0.631209,0.774235,0.041225,0.022370,0.069468,0.286772,-0.465204,-0.072991,-0.138355,-0.445356,-0.329925,0.894094,-0.472557,-0.015956,0.099299,-0.107035,0.187054,-0.100812,0.526312,-0.639487,0.922590,0.112208,-0.026369,0.122760,-0.135438,-0.607953,1.198186,1.201492,-0.182415,-0.012471,-0.170610
0.042152,-0.085500,0.742949,0.044995,0.009976,-0.631212,0.774240,0.049223,0.022992,0.070039,0.283018,-0.469526,-0.073923,-0.163083,-0.456526,-0.328775,0.952726,-0.469967,-0.044755,0.100772,-0.108182,0.193958,-0.098484,0.539887,-0.640058,0.919599,0.116127,-0.026220,0.127826,-0.119871,-0.623139,1.201693,1.197050,-0.185568,-0.011566,-0.172184
0.042555,-0.089175,0.742137,0.044573,0.010102,-0.631228,0.774249,0.057950,0.024676,0.070600,0.278556,-0.473706,-0.075334,-0.187229,-0.467253,-0.329801,1.010254,-0.466360,-0.075044,0.101554,-0.108714,0.200745,-0.095116,0.553723,-0.639480,0.916945,0.123289,-0.025409,0.133265,-0.103231,-0.638154,1.205226,1.191581,-0.188423,-0.010288,-0.174492
0.042921,-0.093031,0.741325,0.044159,0.010540,-0.631289,0.774218,0.066547,0.026971,0.071232,0.273615,-0.477527,-0.076987,-0.211671,-0.474906,-0.329032,1.063412,-0.462831,-0.100583,0.101797,-0.109004,0.206928,-0.090664,0.567728,-0.637158,0.913730,0.132029,-0.023594,0.138587,-0.085714,-0.652983,1.207869,1.184297,-0.191832,-0.008602,-0.176891
0.043184,-0.097391,0.740603,0.044063,0.011433,-0.631432,0.774094,0.074107,0.029468,0.072020,0.268521,-0.480823,-0.078651,-0.237508,-0.476335,-0.322462,1.108966,-0.460355,-0.114686,0.101738,-0.109372,0.211995,-0.084665,0.581729,-0.632058,0.908766,0.141140,-0.020445,0.143292,-0.067406,-0.667650,1.208638,1.174294,-0.196632,-0.006471,-0.178724
0.043478,-0.101637,0.739883,0.044440,0.012824,-0.631650,0.773873,0.080207,0.031928,0.072876,0.263465,-0.483608,-0.080188,-0.265587,-0.468777,-0.306914,1.145801,-0.459881,-0.112131,0.101552,-0.109996,0.215674,-0.077217,0.595577,-0.623553,0.902149,0.150520,-0.015539,0.146414,-0.048019,-0.682171,1.207781,1.161531,-0.202763,-0.003644,-0.179575
0.043647,-0.105856,0.739178,0.045082,0.014650,-0.631934,0.773571,0.085336,0.034670,0.073808,0.258371,-0.486027,-0.081755,-0.295120,-0.453848,-0.285724,1.176133,-0.461139,-0.096924,0.101163,-0.110612,0.218233,-0.067750,0.609194,-0.611511,0.893950,0.161471,-0.009172,0.148457,-0.027370,-0.696543,1.205417,1.146328,-0.209930,-0.000217,-0.179849
0.043704,-0.110233,0.738512,0.045773,0.016880,-0.632324,0.773167,0.089934,0.038077,0.075043,0.253214,-0.488115,-0.083555,-0.324962,-0.435176,-0.264425,1.201836,-0.463115,-0.076331,0.100213,-0.110926,0.220098,-0.057200,0.622646,-0.597982,0.884792,0.172517,-0.002125,0.151168,-0.006096,-0.710818,1.200844,1.128336,-0.218369,0.003328,-0.180114
0.043773,-0.114774,0.737913,0.046302,0.019486,-0.632856,0.772638,0.094512,0.042516,0.076818,0.247796,-0.489872,-0.085800,-0.354267,-0.416696,-0.248002,1.224539,-0.464083,-0.057859,0.098577,-0.110648,0.221698,-0.046151,0.635992,-0.584693,0.874924,0.182744,0.004881,0.156315,0.015418,-0.725086,1.193153,1.107006,-0.228257,0.006543,-0.180957
0.043786,-0.119550,0.737373,0.046627,0.022536,-0.633549,0.771967,0.099097,0.048214,0.079265,0.242014,-0.491057,-0.088604,-0.383213,-0.398586,-0.236566,1.244006,-0.463024,-0.042184,0.096538,-0.109665,0.222867,-0.033068,0.649155,-0.570290,0.863292,0.193481,0.011858,0.164739,0.037902,-0.739414,1.180980,1.081703,-0.240045,0.009169,-0.182204
0.043734,-0.124328,0.736832,0.046868,0.026003,-0.634372,0.771167,0.103449,0.054885,0.082235,0.236041,-0.491799,-0.091837,-0.412203,-0.379427,-0.227677,1.259545,-0.460986,-0.025979,0.094114,-0.108174,0.223565,-0.018637,0.662110,-0.554852,0.850417,0.204281,0.019186,0.175365,0.061602,-0.753848,1.164823,1.052418,-0.253542,0.011562,-0.183619
0.043601,-0.129153,0.736320,0.047045,0.029725,-0.635290,0.770266,0.107648,0.062150,0.085545,0.230104,-0.492499,-0.095336,-0.440939,-0.360944,-0.222053,1.271823,-0.458605,-0.010847,0.091681,-0.106239,0.224038,-0.000470,0.674701,-0.536744,0.833944,0.217111,0.026771,0.187067,0.086464,-0.768401,1.145653,1.019759,-0.268100,0.014058,-0.185714
0.043483,-0.134129,0.735767,0.047188,0.033540,-0.636267,0.769293,0.111689,0.069629,0.089014,0.224591,-0.493656,-0.098943,-0.469170,-0.344858,-0.220346,1.281509,-0.456428,0.001619,0.088119,-0.104167,0.225115,0.013761,0.687198,-0.522581,0.819592,0.225881,0.034414,0.198795,0.110472,-0.783153,1.126022,0.984550,-0.282996,0.017012,-0.189019
0.043268,-0.139216,0.735184,0.047222,0.037464,-0.637386,0.768183,0.115894,0.077443,0.092829,0.219049,-0.495188,-0.102691,-0.496751,-0.331775,-0.223203,1.288590,-0.454348,0.010527,0.084895,-0.101651,0.226327,0.031955,0.699129,-0.505642,0.800831,0.236813,0.042475,0.210486,0.135494,-0.798039,1.104239,0.946090,-0.298922,0.021051,-0.193787
0.043165,-0.144363,0.734482,0.047160,0.041562,-0.638627,0.766945,0.120182,0.085711,0.097012,0.213396,-0.496866,-0.106651,-0.523870,-0.320955,-0.229930,1.292675,-0.451920,0.016715,0.081002,-0.098791,0.227788,0.050433,0.710630,-0.488561,0.780990,0.246851,0.050907,0.222657,0.160627,-0.813108,1.080819,0.904305,-0.315760,0.025868,-0.199645
0.042948,-0.149541,0.733695,0.047167,0.045739,-0.639815,0.765715,0.123937,0.094039,0.101132,0.208598,-0.498960,-0.110710,-0.550746,-0.312045,-0.239185,1.293903,-0.449222,0.021147,0.076626,-0.095783,0.229490,0.069399,0.721725,-0.472129,0.759980,0.256866,0.059067,0.235029,0.186287,-0.828288,1.055902,0.860202,-0.332356,0.030420,-0.206187
0.042683,-0.154688,0.732877,0.047400,0.049903,-0.640775,0.764638,0.126604,0.102051,0.104746,0.205483,-0.501672,-0.114756,-0.577618,-0.304663,-0.249634,1.292464,-0.446411,0.024826,0.071647,-0.092851,0.231469,0.088104,0.732535,-0.457917,0.738552,0.266898,0.066281,0.247353,0.212456,-0.843446,1.030051,0.814993,-0.347548,0.033622,-0.213062
0.042419,-0.159961,0.731944,0.047941,0.054157,-0.641504,0.763702,0.127700,0.109763,0.107810,0.204464,-0.505065,-0.118713,-0.604723,-0.299209,-0.261702,1.288351,-0.443569,0.027133,0.065816,-0.090045,0.233517,0.104270,0.743288,-0.448171,0.718463,0.275155,0.072367,0.259979,0.238788,-0.858532,1.004073,0.768641,-0.361180,0.035123,-0.221038
0.042136,-0.165279,0.730874,0.048688,0.058510,-0.642079,0.762850,0.127626,0.117358,0.110510,0.205007,-0.509005,-0.122654,-0.631772,-0.295734,-0.275829,1.281431,-0.440583,0.027813,0.059597,-0.087206,0.235576,0.120070,0.753912,-0.440846,0.697837,0.283023,0.077676,0.272948,0.265911,-0.873436,0.977073,0.720665,-0.373857,0.035525,-0.230062
0.041780,-0.170529,0.729716,0.049540,0.062716,-0.642453,0.762146,0.127064,0.124702,0.112736,0.206732,-0.513540,-0.126668,-0.658288,-0.293314,-0.290673,1.271721,-0.437310,0.028423,0.052709,-0.084465,0.238342,0.134612,0.764419,-0.435909,0.677627,0.290812,0.082305,0.285592,0.293478,-0.887938,0.948555,0.671916,-0.385413,0.035105,-0.238611
0.041401,-0.175983,0.728396,0.050396,0.066532,-0.642577,0.761662,0.126720,0.131661,0.114393,0.209218,-0.518715,-0.130848,-0.683845,-0.291030,-0.304862,1.259214,-0.433591,0.030515,0.044978,-0.081968,0.242478,0.146490,0.774798,-0.433801,0.659198,0.298676,0.086349,0.297247,0.321220,-0.901677,0.917928,0.623384,-0.395718,0.034092,-0.245162
0.040791,-0.181370,0.726924,0.051186,0.069933,-0.642457,0.761406,0.126719,0.138328,0.115450,0.212487,-0.524662,-0.135319,-0.708186,-0.288706,-0.318567,1.243390,-0.429458,0.034024,0.036456,-0.079683,0.248026,0.156407,0.785072,-0.434785,0.642297,0.307604,0.089843,0.308534,0.349400,-0.914360,0.884991,0.575171,-0.405034,0.032098,-0.248411
0.040267,-0.186849,0.725292,0.051982,0.073035,-0.642114,0.761350,0.126748,0.144724,0.115973,0.216677,-0.531318,-0.139990,-0.731585,-0.286801,-0.332293,1.224376,-0.424967,0.038276,0.027128,-0.077636,0.254671,0.163695,0.795323,-0.439445,0.627232,0.316723,0.092733,0.319576,0.377688,-0.925798,0.850430,0.527244,-0.413270,0.029063,-0.249540
0.039727,-0.192351,0.723466,0.052886,0.075808,-0.641531,0.761508,0.126756,0.150636,0.115986,0.221751,-0.538526,-0.144636,-0.754419,-0.285348,-0.345164,1.203129,-0.419973,0.043873,0.017281,-0.075915,0.262257,0.168844,0.805345,-0.445990,0.613030,0.325800,0.094957,0.328946,0.405727,-0.935596,0.814380,0.480479,-0.419876,0.025708,-0.250750
0.039067,-0.197975,0.721506,0.054001,0.078221,-0.640690,0.761894,0.126719,0.155843,0.115519,0.227614,-0.546071,-0.149028,-0.777076,-0.284370,-0.356277,1.180613,-0.414336,0.051411,0.006863,-0.074693,0.270727,0.170781,0.814945,-0.453617,0.600046,0.333690,0.096417,0.335230,0.432230,-0.943320,0.777763,0.436220,-0.424183,0.022779,-0.254263
0.038340,-0.203692,0.719349,0.055421,0.080285,-0.639558,0.762527,0.126423,0.160190,0.114493,0.234321,-0.553851,-0.153036,-0.799772,-0.283537,-0.364992,1.156214,-0.407964,0.061815,-0.004103,-0.074121,0.279821,0.170177,0.823914,-0.461669,0.587672,0.340697,0.096817,0.336716,0.457190,-0.948497,0.740856,0.395004,-0.425045,0.020286,-0.261336
0.037595,-0.209453,0.717011,0.057067,0.082008,-0.638151,0.763401,0.125984,0.163824,0.112916,0.241829,-0.561991,-0.156810,-0.822229,-0.282945,-0.371864,1.129646,-0.400957,0.074430,-0.015763,-0.074222,0.289585,0.166804,0.832281,-0.471026,0.576449,0.347111,0.096232,0.334642,0.479882,-0.950895,0.704305,0.357155,-0.423190,0.017876,-0.270663
0.036800,-0.215234,0.714419,0.058790,0.083353,-0.636527,0.764480,0.125757,0.166974,0.110925,0.250102,-0.570596,-0.160524,-0.844116,-0.283187,-0.377770,1.102358,-0.393446,0.087578,-0.027930,-0.074883,0.300260,0.160713,0.840080,-0.481548,0.566424,0.353216,0.095138,0.331983,0.498632,-0.950449,0.669048,0.323536,-0.420772,0.015773,-0.280588
0.035983,-0.221124,0.711676,0.060437,0.084296,-0.634742,0.765731,0.126317,0.169877,0.108709,0.258620,-0.579665,-0.164373,-0.865127,-0.284810,-0.383649,1.075851,-0.385533,0.099607,-0.040589,-0.076023,0.312139,0.151668,0.847408,-0.493220,0.557895,0.359011,0.094047,0.331691,0.511754,-0.947273,0.635971,0.294877,-0.420064,0.014249,-0.289448
0.035070,-0.227138,0.708729,0.062003,0.084726,-0.632789,0.767173,0.127633,0.172234,0.105549,0.267437,-0.589318,-0.168131,-0.885215,-0.287825,-0.389292,1.050020,-0.376749,0.110565,-0.053815,-0.077930,0.325462,0.140437,0.854213,-0.505476,0.550311,0.364779,0.093092,0.334636,0.518852,-0.941331,0.605327,0.271518,-0.421698,0.013549,-0.296527
0.034140,-0.233206,0.705563,0.063553,0.084695,-0.630650,0.768809,0.129502,0.174041,0.101633,0.276715,-0.599531,-0.171794,-0.904558,-0.291877,-0.394344,1.024271,-0.367198,0.121184,-0.067562,-0.080707,0.340026,0.126485,0.860512,-0.518794,0.543921,0.370201,0.092032,0.339187,0.520169,-0.932693,0.576999,0.253381,-0.424531,0.013497,-0.302814
0.033236,-0.239261,0.702209,0.065053,0.084413,-0.628368,0.770582,0.131953,0.175994,0.098466,0.286651,-0.610201,-0.175883,-0.923275,-0.297006,-0.399538,0.999486,-0.357851,0.130869,-0.081387,-0.083871,0.355362,0.109509,0.866404,-0.533476,0.538727,0.375402,0.090829,0.344547,0.516044,-0.921736,0.550533,0.239946,-0.428230,0.013701,-0.309158
0.032385,-0.245486,0.698588,0.066468,0.084089,-0.625983,0.772435,0.135018,0.178810,0.097547,0.297404,-0.621104,-0.180913,-0.941479,-0.303257,-0.405637,0.976512,-0.349648,0.139039,-0.094898,-0.086891,0.371022,0.089612,0.872013,-0.549532,0.534430,0.380642,0.089436,0.349904,0.507151,-0.909065,0.525199,0.230337,-0.432486,0.013776,-0.316388
0.031547,-0.251872,0.694771,0.067761,0.083657,-0.623487,0.774386,0.138869,0.182589,0.099226,0.309052,-0.632391,-0.187225,-0.958961,-0.310924,-0.413319,0.955434,-0.342845,0.145376,-0.108428,-0.089873,0.387295,0.066402,0.877388,-0.567248,0.531121,0.385158,0.087492,0.355346,0.493676,-0.895041,0.500338,0.224128,-0.437459,0.013749,-0.324426
0.030695,-0.258196,0.690620,0.068962,0.083049,-0.620865,0.776450,0.143428,0.187040,0.102737,0.321510,-0.644093,-0.194486,-0.975787,-0.319831,-0.422071,0.935892,-0.336924,0.150277,-0.121885,-0.092958,0.404250,0.041197,0.882379,-0.585726,0.527868,0.389691,0.085134,0.361183,0.476123,-0.879859,0.475639,0.221156,-0.443261,0.013776,-0.332850
0.029854,-0.264733,0.686229,0.070137,0.082471,-0.618151,0.778569,0.148242,0.192325,0.107889,0.334948,-0.655938,-0.202206,-0.992520,-0.329327,-0.430889,0.918171,-0.331689,0.154214,-0.134849,-0.095778,0.421369,0.013338,0.886971,-0.605587,0.525252,0.394582,0.083060,0.366906,0.454647,-0.864318,0.451660,0.220995,-0.449263,0.013730,-0.341973
0.029083,-0.271534,0.681652,0.071343,0.082133,-0.615383,0.780684,0.152865,0.198593,0.114480,0.349560,-0.667720,-0.209890,-1.009718,-0.338781,-0.438751,0.902533,-0.326957,0.157638,-0.147111,-0.097914,0.438179,-0.018402,0.891157,-0.627903,0.524255,0.399655,0.081968,0.372009,0.429717,-0.849599,0.428891,0.222762,-0.454782,0.013461,-0.352125
0.028494,-0.278415,0.676815,0.072595,0.082123,-0.612532,0.782809,0.157135,0.206049,0.123169,0.365717,-0.679786,-0.217308,-1.027612,-0.348277,-0.445902,0.889018,-0.322728,0.160645,-0.159165,-0.099163,0.454531,-0.053421,0.894740,-0.652362,0.524704,0.405532,0.082094,0.376202,0.402083,-0.836409,0.406673,0.225034,-0.459309,0.012996,-0.363607
0.027917,-0.285396,0.671759,0.073855,0.082327,-0.609591,0.784963,0.161351,0.214606,0.133822,0.383218,-0.692129,-0.224750,-1.045927,-0.358046,-0.452717,0.877534,-0.319107,0.162991,-0.171196,-0.099610,0.470677,-0.090037,0.897440,-0.677516,0.525447,0.412596,0.083031,0.379802,0.372195,-0.825046,0.384536,0.227628,-0.463070,0.012401,-0.376106
0.027368,-0.292715,0.666486,0.075102,0.082669,-0.606626,0.787103,0.165840,0.223908,0.145073,0.401193,-0.703869,-0.232499,-1.064459,-0.367681,-0.458368,0.868165,-0.316070,0.164599,-0.182839,-0.099329,0.486804,-0.128973,0.899162,-0.703633,0.526802,0.419381,0.084522,0.383231,0.339928,-0.816268,0.363579,0.231315,-0.466421,0.011597,-0.389036
0.026923,-0.299999,0.661044,0.076316,0.083066,-0.603704,0.789188,0.170792,0.233565,0.155547,0.419007,-0.714196,-0.240839,-1.083023,-0.376797,-0.462009,0.861012,-0.313601,0.165389,-0.193701,-0.098367,0.503045,-0.170260,0.899801,-0.730450,0.528643,0.424805,0.086302,0.386932,0.305343,-0.811001,0.344914,0.236683,-0.469557,0.010517,-0.401819
0.026498,-0.307502,0.655441,0.077361,0.083495,-0.600756,0.791287,0.176056,0.243756,0.164827,0.437384,-0.723234,-0.249786,-1.101609,-0.385428,-0.463412,0.856139,-0.311776,0.165154,-0.204327,-0.096543,0.519638,-0.213826,0.899269,-0.757974,0.531048,0.428138,0.088510,0.391357,0.268067,-0.809851,0.328936,0.242813,-0.472321,0.009152,-0.414326
0.026202,-0.315337,0.649635,0.079626,0.085130,-0.597617,0.793263,0.177116,0.253626,0.173270,0.457385,-0.731385,-0.258909,-1.124068,-0.393883,-0.462382,0.852340,-0.309512,0.163780,-0.217328,-0.095249,0.520000,-0.251638,0.895869,-0.789031,0.537297,0.429466,0.090724,0.394726,0.224317,-0.812125,0.327131,0.259399,-0.472869,0.007218,-0.425442
0.026010,-0.323298,0.643661,0.082064,0.086817,-0.594607,0.795092,0.178829,0.261659,0.179549,0.475878,-0.737986,-0.261800,-1.146716,-0.401826,-0.459513,0.850695,-0.307718,0.161903,-0.230829,-0.093620,0.520000,-0.291443,0.889728,-0.819881,0.545732,0.429614,0.092942,0.397895,0.175096,-0.817730,0.331472,0.280263,-0.472454,0.005098,-0.436979
0.025926,-0.331507,0.637720,0.085290,0.088285,-0.591837,0.796656,0.181977,0.266559,0.184763,0.490246,-0.742093,-0.261800,-1.170276,-0.409693,-0.453841,0.851688,-0.306375,0.160011,-0.243804,-0.092418,0.520000,-0.331274,0.881041,-0.847858,0.554261,0.431046,0.094770,0.400205,0.123411,-0.826790,0.340091,0.304382,-0.471107,0.002726,-0.448882
0.025869,-0.339859,0.631606,0.089234,0.089471,-0.589268,0.797995,0.187046,0.269224,0.190596,0.500277,-0.744036,-0.261800,-1.194361,-0.417596,-0.445454,0.854655,-0.306356,0.159228,-0.256366,-0.091518,0.520000,-0.371542,0.869984,-0.873344,0.563070,0.433204,0.095916,0.401185,0.068464,-0.839558,0.354204,0.331703,-0.468873,0.000082,-0.461602
0.025932,-0.348425,0.625463,0.093477,0.090626,-0.586894,0.799127,0.193491,0.271008,0.197042,0.507676,-0.744418,-0.261800,-1.218493,-0.424852,-0.435231,0.859408,-0.307368,0.158885,-0.268946,-0.090051,0.520000,-0.412640,0.856718,-0.897010,0.572710,0.434921,0.096632,0.401276,0.011650,-0.855839,0.373365,0.359688,-0.466149,-0.002865,-0.474916
0.026021,-0.357312,0.619148,0.098316,0.091964,-0.584845,0.799896,0.200234,0.271197,0.202766,0.512669,-0.742652,-0.261800,-1.243694,-0.430828,-0.423048,0.867153,-0.307558,0.156782,-0.280596,-0.087493,0.520000,-0.454661,0.841270,-0.918563,0.582432,0.436860,0.097365,0.401131,-0.052522,-0.874890,0.400168,0.393435,-0.460015,-0.006194,-0.487629
0.026240,-0.366408,0.612892,0.103928,0.093578,-0.583267,0.800151,0.206629,0.269189,0.206444,0.515338,-0.738088,-0.261800,-1.270622,-0.434882,-0.408847,0.879252,-0.305193,0.150738,-0.291770,-0.084584,0.520000,-0.496289,0.823898,-0.935849,0.592271,0.440268,0.098561,0.401404,-0.115368,-0.895669,0.429224,0.426197,-0.452753,-0.009884,-0.498974
0.026413,-0.375780,0.606608,0.110522,0.095452,-0.582293,0.799755,0.213130,0.264327,0.208619,0.514366,-0.730551,-0.261800,-1.298571,-0.435916,-0.392008,0.893846,-0.297637,0.143978,-0.301242,-0.081441,0.520000,-0.539197,0.804818,-0.950147,0.602234,0.444866,0.100437,0.402214,-0.179587,-0.918063,0.462197,0.460384,-0.442840,-0.013912,-0.508485
0.026568,-0.385453,0.600347,0.117927,0.097535,-0.581804,0.798802,0.219894,0.257179,0.209630,0.510059,-0.720424,-0.261800,-1.327285,-0.434485,-0.373005,0.910953,-0.286514,0.136450,-0.309151,-0.077809,0.520000,-0.583321,0.784139,-0.961695,0.612343,0.450440,0.102735,0.403202,-0.246108,-0.941840,0.499908,0.495888,-0.430738,-0.018303,-0.516649
0.026703,-0.395077,0.594223,0.125871,0.099967,-0.581541,0.797479,0.225423,0.248964,0.207833,0.505115,-0.707759,-0.261800,-1.358513,-0.432441,-0.353407,0.934569,-0.276316,0.120937,-0.316301,-0.073062,0.520000,-0.628447,0.761958,-0.970880,0.622994,0.456415,0.105252,0.404208,-0.313731,-0.966079,0.540356,0.531682,-0.418041,-0.023217,-0.523654
0.026964,-0.404730,0.588294,0.134069,0.102856,-0.581245,0.795991,0.228383,0.240917,0.201644,0.502211,-0.692476,-0.261800,-1.393965,-0.431683,-0.334743,0.968480,-0.271372,0.090152,-0.322880,-0.066482,0.520000,-0.675472,0.738794,-0.979962,0.634464,0.460921,0.107747,0.405202,-0.380487,-0.989740,0.580557,0.567284,-0.406677,-0.028738,-0.529757
0.026914,-0.414795,0.582402,0.142839,0.105965,-0.580538,0.794572,0.228364,0.232736,0.190068,0.501791,-0.674677,-0.261800,-1.436867,-0.433620,-0.315822,1.018408,-0.272972,0.031510,-0.329534,-0.059044,0.520000,-0.723751,0.714605,-0.987875,0.646291,0.464095,0.110508,0.406188,-0.445210,-1.012343,0.619103,0.602816,-0.398101,-0.034712,-0.535039
0.026861,-0.425271,0.576669,0.152181,0.109250,-0.579599,0.793076,0.226280,0.223951,0.174019,0.502523,-0.654182,-0.261800,-1.485325,-0.436703,-0.296601,1.079960,-0.277993,-0.048026,-0.335753,-0.051094,0.520000,-0.773543,0.689415,-0.994715,0.658609,0.466364,0.113561,0.407199,-0.509157,-1.033980,0.657374,0.639159,-0.391404,-0.041098,-0.539428
0.026678,-0.436074,0.571206,0.161424,0.113169,-0.579028,0.791114,0.222523,0.215356,0.154841,0.504607,-0.630700,-0.261800,-1.533639,-0.438614,-0.279770,1.142279,-0.284852,-0.126080,-0.340384,-0.041543,0.520000,-0.825131,0.663519,-1.001818,0.672026,0.468408,0.116408,0.408075,-0.573714,-1.054443,0.696306,0.676398,-0.385054,-0.048206,-0.542918
0.026707,-0.446741,0.566179,0.169932,0.118239,-0.579480,0.788255,0.217384,0.207736,0.134025,0.508180,-0.603911,-0.261800,-1.576128,-0.437427,-0.267498,1.195490,-0.293052,-0.179798,-0.341924,-0.029206,0.520000,-0.878733,0.637418,-1.010552,0.686631,0.470889,0.118574,0.408697,-0.639737,-1.073282,0.736205,0.714404,-0.377658,-0.056335,-0.545550
0.026668,-0.457395,0.561412,0.177532,0.124761,-0.581353,0.784185,0.210625,0.201512,0.111493,0.513897,-0.573969,-0.261800,-1.611370,-0.433257,-0.260267,1.238027,-0.304070,-0.196709,-0.339489,-0.013513,0.520000,-0.934735,0.611410,-1.020877,0.701444,0.473896,0.119831,0.407686,-0.707545,-1.090104,0.776803,0.753755,-0.369319,-0.065814,-0.547735
0.026650,-0.468245,0.556983,0.184593,0.132433,-0.584231,0.779141,0.202159,0.195972,0.086628,0.521412,-0.540852,-0.261800,-1.642390,-0.427558,-0.256656,1.275891,-0.318357,-0.191129,-0.333919,0.004812,0.520000,-0.992568,0.585671,-1.031927,0.715746,0.477090,0.120522,0.405671,-0.776524,-1.104775,0.817522,0.794640,-0.360800,-0.076317,-0.549484
0.026568,-0.479384,0.553007,0.191317,0.140879,-0.587581,0.773498,0.192496,0.190249,0.060222,0.529343,-0.503956,-0.261800,-1.670282,-0.420426,-0.255723,1.310867,-0.334204,-0.180236,-0.326358,0.024924,0.520000,-1.051110,0.560529,-1.043822,0.729879,0.480414,0.121082,0.405518,-0.845841,-1.117253,0.857937,0.836010,-0.351643,-0.087141,-0.550233
0.026273,-0.490961,0.549404,0.197927,0.149704,-0.590880,0.767643,0.182150,0.183530,0.033133,0.536345,-0.462712,-0.261800,-1.696231,-0.411368,-0.256196,1.344103,-0.349935,-0.180830,-0.318382,0.045800,0.520000,-1.110080,0.536231,-1.057287,0.744833,0.482965,0.122026,0.409963,-0.915130,-1.127487,0.898131,0.876683,-0.341314,-0.097579,-0.549333
0.026219,-0.502874,0.546174,0.203870,0.159202,-0.594186,0.761600,0.171007,0.176904,0.004990,0.544119,-0.416725,-0.261800,-1.719446,-0.398920,-0.259458,1.375019,-0.365128,-0.199535,-0.309043,0.068466,0.520000,-1.167084,0.513425,-1.071578,0.758066,0.487044,0.123714,0.421030,-0.983116,-1.135391,0.936719,0.917440,-0.329010,-0.107834,-0.547056
0.026208,-0.515126,0.543073,0.209257,0.169390,-0.597726,0.755143,0.159079,0.170243,-0.024207,0.552553,-0.366345,-0.261800,-1.740033,-0.383523,-0.265304,1.403142,-0.380455,-0.226348,-0.298563,0.092847,0.520000,-1.223578,0.492234,-1.086894,0.769483,0.491570,0.125993,0.436791,-1.050324,-1.140993,0.973671,0.958473,-0.315188,-0.118052,-0.543632
0.026704,-0.527718,0.540338,0.215114,0.179414,-0.601264,0.748344,0.147341,0.161484,-0.052987,0.557890,-0.312360,-0.261800,-1.760000,-0.367086,-0.270308,1.429628,-0.395924,-0.252942,-0.288078,0.116592,0.520000,-1.280432,0.472665,-1.103147,0.780403,0.494847,0.128179,0.454606,-1.116828,-1.144578,1.009275,0.998748,-0.301185,-0.127558,-0.538549
0.027337,-0.540514,0.537804,0.222532,0.188214,-0.604402,0.741454,0.136883,0.148362,-0.080404,0.556228,-0.255291,-0.261800,-1.781462,-0.351164,-0.268069,1.456061,-0.411913,-0.261800,-0.278906,0.136997,0.520000,-1.336771,0.454858,-1.119050,0.791489,0.496953,0.129418,0.471920,-1.182483,-1.146588,1.044034,1.037126,-0.288334,-0.135722,-0.531254
0.027910,-0.553589,0.535364,0.232069,0.195611,-0.606999,0.734461,0.127523,0.130349,-0.105885,0.546168,-0.195099,-0.261800,-1.804998,-0.337792,-0.260919,1.482578,-0.428352,-0.261800,-0.271666,0.153175,0.520000,-1.393384,0.439087,-1.133838,0.802108,0.497071,0.129602,0.488105,-1.247571,-1.147177,1.076561,1.072789,-0.277106,-0.142148,-0.521572
0.028174,-0.566994,0.533183,0.242903,0.202342,-0.609379,0.727127,0.118756,0.109700,-0.129489,0.530056,-0.131663,-0.261800,-1.828979,-0.325724,-0.253033,1.508189,-0.445140,-0.261800,-0.265123,0.166819,0.520000,-1.450251,0.425486,-1.148451,0.811778,0.495722,0.129085,0.504470,-1.311834,-1.146417,1.107149,1.106289,-0.266595,-0.147228,-0.509739
0.028502,-0.580600,0.531079,0.254038,0.208967,-0.612000,0.719204,0.110602,0.088715,-0.151103,0.510206,-0.065567,-0.261800,-1.851615,-0.312857,-0.245937,1.532531,-0.462525,-0.261800,-0.257508,0.179539,0.520000,-1.506136,0.413856,-1.164462,0.822012,0.494309,0.127731,0.521256,-1.374762,-1.144529,1.139048,1.138408,-0.256185,-0.151518,-0.495708
0.028960,-0.594386,0.529060,0.264534,0.216004,-0.615332,0.710444,0.102978,0.069435,-0.170756,0.488966,0.002696,-0.261800,-1.871230,-0.297125,-0.240976,1.555227,-0.480703,-0.261800,-0.247038,0.193072,0.520000,-1.559968,0.403741,-1.183239,0.834539,0.494236,0.125452,0.538704,-1.436375,-1.141779,1.176042,1.169993,-0.244961,-0.155563,-0.479379
0.029251,-0.608544,0.527220,0.274014,0.223723,-0.619754,0.700549,0.096163,0.052627,-0.188575,0.467071,0.072588,-0.261800,-1.887086,-0.277549,-0.239332,1.575811,-0.499959,-0.261800,-0.232251,0.208510,0.520000,-1.612457,0.394761,-1.206387,0.851517,0.497476,0.121859,0.559358,-1.497644,-1.138376,1.220636,1.201339,-0.233179,-0.159926,-0.460189
0.029713,-0.623086,0.525482,0.283043,0.231690,-0.624830,0.689778,0.089998,0.037125,-0.204812,0.443187,0.144770,-0.261800,-1.900413,-0.255347,-0.238203,1.594777,-0.520282,-0.256299,-0.214488,0.225159,0.520000,-1.664355,0.386618,-1.232428,0.871673,0.502870,0.117269,0.582262,-1.558762,-1.134237,1.270879,1.231974,-0.220875,-0.164127,-0.438220
0.030338,-0.638256,0.523779,0.292145,0.239339,-0.629849,0.678718,0.083791,0.021921,-0.219724,0.416409,0.220627,-0.261800,-1.912426,-0.232068,-0.235128,1.613246,-0.541406,-0.245226,-0.196197,0.241763,0.520000,-1.714771,0.378926,-1.258211,0.892165,0.507092,0.112529,0.602363,-1.618541,-1.129134,1.323525,1.261719,-0.207040,-0.167093,-0.414372
0.030313,-0.653781,0.522169,0.301665,0.246413,-0.634237,0.667849,0.076619,0.006840,-0.233031,0.386231,0.301394,-0.261800,-1.923811,-0.209422,-0.229601,1.631959,-0.562943,-0.231920,-0.179214,0.257253,0.520000,-1.762738,0.371350,-1.280898,0.910560,0.506766,0.108245,0.614551,-1.675561,-1.122861,1.375095,1.290753,-0.190748,-0.167767,-0.389610
0.029646,-0.669312,0.520688,0.312040,0.252720,-0.637915,0.657136,0.069023,-0.008698,-0.243729,0.348708,0.396328,-0.261800,-1.934956,-0.187559,-0.220672,1.651017,-0.585578,-0.215686,-0.163980,0.270227,0.520000,-1.808924,0.363819,-1.302545,0.929716,0.498821,0.104704,0.614527,-1.729770,-1.115416,1.428657,1.320256,-0.171500,-0.165642,-0.362556
0.029255,-0.685138,0.519053,0.322803,0.258651,-0.641108,0.646436,0.061203,-0.022857,-0.251324,0.304784,0.502748,-0.261800,-1.945058,-0.166129,-0.210032,1.669975,-0.609420,-0.196836,-0.149437,0.282029,0.520000,-1.853758,0.356302,-1.324031,0.950490,0.485702,0.101522,0.605863,-1.782013,-1.106783,1.484765,1.350304,-0.150163,-0.161211,-0.333289
0.029723,-0.700665,0.516254,0.326200,0.271679,-0.641291,0.639163,0.001746,-0.024911,-0.263593,0.378607,0.523600,-0.261800,-1.946225,-0.153843,-0.221356,1.686423,-0.635124,-0.179359,-0.128927,0.319846,0.520000,-1.896409,0.347441,-1.338235,0.962441,0.471604,0.098049,0.594466,-1.832704,-1.098949,1.540235,1.384320,-0.127757,-0.155707,-0.304377
0.029890,-0.716725,0.513754,0.329783,0.282802,-0.642357,0.631382,-0.049651,-0.029619,-0.276613,0.443616,0.523600,-0.261800,-1.945794,-0.138488,-0.228779,1.703858,-0.658725,-0.161872,-0.107591,0.354105,0.520000,-1.934756,0.336387,-1.343048,0.969025,0.462555,0.093421,0.588431,-1.880168,-1.091013,1.584685,1.413820,-0.104350,-0.148775,-0.279659
0.029255,-0.733375,0.511809,0.334381,0.291765,-0.643815,0.623350,-0.084923,-0.035667,-0.292593,0.475046,0.523600,-0.261800,-1.944542,-0.120442,-0.230115,1.722078,-0.680260,-0.143780,-0.087997,0.382088,0.520000,-1.968681,0.324219,-1.338651,0.970005,0.459068,0.087981,0.588268,-1.923269,-1.083039,1.614099,1.439659,-0.079987,-0.139537,-0.260551
0.028021,-0.750068,0.509675,0.339774,0.299365,-0.645182,0.615365,-0.112257,-0.042653,-0.310866,0.487458,0.523600,-0.261800,-1.942417,-0.101151,-0.227192,1.740625,-0.700577,-0.124789,-0.070214,0.405788,0.520000,-1.999083,0.311354,-1.327761,0.967402,0.458666,0.081852,0.590598,-1.962823,-1.074927,1.632703,1.463028,-0.054477,-0.128237,-0.245384
0.026460,-0.766898,0.507519,0.345587,0.306232,-0.646340,0.607483,-0.135574,-0.048469,-0.327679,0.491195,0.523600,-0.261800,-1.939493,-0.081660,-0.222252,1.759193,-0.719025,-0.106082,-0.053970,0.427105,0.520000,-2.026429,0.298193,-1.313390,0.961085,0.461428,0.073816,0.596277,-1.998081,-1.066712,1.638296,1.479959,-0.030596,-0.117032,-0.233724
0.024866,-0.784037,0.505300,0.351349,0.312909,-0.647345,0.599655,-0.157292,-0.051345,-0.339262,0.494649,0.523600,-0.261800,-1.935748,-0.062590,-0.217417,1.777567,-0.734900,-0.088789,-0.038758,0.447432,0.520000,-2.051085,0.285082,-1.298865,0.950930,0.467399,0.062717,0.606199,-2.027972,-1.058529,1.628357,1.486297,-0.011101,-0.108080,-0.225112
0.023167,-0.801282,0.502985,0.357048,0.319274,-0.648213,0.591947,-0.176842,-0.050644,-0.342842,0.497705,0.523600,-0.261800,-1.931537,-0.044247,-0.212421,1.796420,-0.747805,-0.072816,-0.024717,0.466817,0.520000,-2.073369,0.272336,-1.284174,0.936248,0.478362,0.046553,0.627982,-2.055049,-1.050428,1.598371,1.480716,0.003706,-0.104546,-0.215261
0.021319,-0.818771,0.500788,0.362893,0.325203,-0.648898,0.584365,-0.193563,-0.047560,-0.341079,0.496635,0.523600,-0.261800,-1.926783,-0.026275,-0.206324,1.815602,-0.758125,-0.057558,-0.012493,0.484095,0.520000,-2.092797,0.260168,-1.268895,0.917115,0.494057,0.026871,0.658845,-2.079503,-1.042296,1.550379,1.465610,0.014551,-0.104603,-0.205895
0.019347,-0.836669,0.498458,0.368705,0.331165,-0.649465,0.576698,-0.208934,-0.043122,-0.338324,0.493451,0.523600,-0.261800,-1.920774,-0.007999,-0.200102,1.833644,-0.766388,-0.043383,-0.002335,0.498310,0.520000,-2.108331,0.248620,-1.256036,0.894635,0.510999,0.007515,0.683963,-2.097202,-1.033934,1.496817,1.441984,0.025288,-0.103024,-0.205411
0.017007,-0.854899,0.496146,0.374288,0.337600,-0.649974,0.568743,-0.224169,-0.038142,-0.339075,0.489849,0.523600,-0.261800,-1.912799,0.011178,-0.194686,1.849029,-0.773105,-0.030710,0.006492,0.510307,0.520000,-2.119426,0.237578,-1.246741,0.869233,0.525182,-0.008365,0.688330,-2.103956,-1.025160,1.441925,1.411194,0.030593,-0.094541,-0.221902
0.014321,-0.873510,0.493752,0.379539,0.344629,-0.650448,0.560444,-0.239075,-0.032688,-0.345778,0.485507,0.523600,-0.261800,-1.902765,0.031250,-0.190566,1.861963,-0.778224,-0.020453,0.013565,0.518260,0.520000,-2.125206,0.226765,-1.242224,0.840358,0.531997,-0.020938,0.661093,-2.094861,-1.015265,1.383026,1.368306,0.035909,-0.077171,-0.258393
0.011570,-0.892550,0.491240,0.384754,0.351911,-0.650907,0.551763,-0.253189,-0.026621,-0.355471,0.479548,0.523600,-0.261800,-1.891461,0.052147,-0.186510,1.873190,-0.781365,-0.012025,0.017834,0.520000,0.520000,-2.125535,0.216058,-1.243126,0.808743,0.534335,-0.032043,0.611939,-2.073544,-1.003642,1.321886,1.313471,0.047357,-0.054378,-0.309898
0.008610,-0.911904,0.488776,0.389986,0.359401,-0.651225,0.542815,-0.267089,-0.019434,-0.365237,0.472878,0.523600,-0.261800,-1.878756,0.073951,-0.181840,1.881670,-0.782757,-0.003777,0.020308,0.520000,0.520000,-2.121872,0.205714,-1.247910,0.775648,0.538700,-0.041169,0.557453,-2.046546,-0.990210,1.260551,1.256226,0.050964,-0.027813,-0.373468
0.005710,-0.931536,0.486248,0.395385,0.367059,-0.651302,0.533614,-0.281487,-0.010894,-0.371990,0.466303,0.523600,-0.261800,-1.864732,0.096875,-0.175766,1.886434,-0.782686,0.005932,0.020849,0.520000,0.520000,-2.115064,0.196205,-1.257937,0.743133,0.551442,-0.048084,0.514439,-2.017324,-0.975358,1.198628,1.204797,0.034159,0.002628,-0.446678
0.002512,-0.951491,0.483720,0.400888,0.374891,-0.651151,0.524164,-0.296700,-0.000899,-0.375243,0.460472,0.523600,-0.261800,-1.849267,0.121315,-0.168251,1.887562,-0.781358,0.018018,0.019596,0.520000,0.520000,-2.104627,0.187895,-1.274364,0.710681,0.576635,-0.053067,0.487337,-1.984011,-0.959109,1.131110,1.161325,-0.014976,0.046966,-0.542778
-0.000687,-0.971885,0.481267,0.406376,0.382945,-0.650770,0.514500,-0.312325,0.010532,-0.376645,0.454909,0.523600,-0.261800,-1.832131,0.146905,-0.159704,1.885439,-0.778732,0.031372,0.017096,0.520000,0.520000,-2.090603,0.180952,-1.295888,0.676878,0.610209,-0.056365,0.467369,-1.946730,-0.941181,1.059959,1.121347,-0.083830,0.108772,-0.656670
-0.004073,-0.992592,0.478700,0.412053,0.391182,-0.650080,0.504565,-0.328113,0.023026,-0.376044,0.448539,0.523600,-0.261800,-1.813465,0.172880,-0.149646,1.879608,-0.774585,0.044627,0.013005,0.520000,0.520000,-2.074121,0.175645,-1.321059,0.643012,0.646625,-0.057822,0.451109,-1.910342,-0.921955,0.994126,1.082727,-0.150748,0.173936,-0.759360
-0.007596,-1.013734,0.475964,0.418164,0.399549,-0.649005,0.494259,-0.343739,0.036194,-0.373223,0.440062,0.523600,-0.261800,-1.793457,0.198526,-0.137486,1.869678,-0.768600,0.056440,0.006645,0.519731,0.520000,-2.055986,0.172314,-1.348449,0.610372,0.680373,-0.057311,0.434947,-1.878380,-0.902597,0.942041,1.042699,-0.199929,0.221079,-0.825375
-0.011246,-1.035202,0.473128,0.424982,0.407780,-0.647675,0.483345,-0.358597,0.049419,-0.367439,0.428156,0.523600,-0.261800,-1.772413,0.224140,-0.121978,1.856558,-0.760523,0.066433,-0.004779,0.514147,0.520000,-2.034208,0.171454,-1.383604,0.580307,0.710564,-0.054874,0.419178,-1.844225,-0.884569,0.899312,0.993513,-0.232671,0.237764,-0.840249
-0.014953,-1.057005,0.470152,0.432171,0.416062,-0.646004,0.472016,-0.372830,0.063469,-0.359150,0.413748,0.523600,-0.261800,-1.749683,0.249672,-0.103885,1.840078,-0.750614,0.075224,-0.019826,0.505700,0.520000,-2.008952,0.173364,-1.425472,0.551187,0.739628,-0.049985,0.405404,-1.805123,-0.868380,0.860779,0.936316,-0.261040,0.233661,-0.822208
-0.018492,-1.079087,0.467042,0.439756,0.424467,-0.643988,0.460131,-0.387534,0.077848,-0.348441,0.398583,0.523600,-0.261800,-1.725259,0.274616,-0.083366,1.818983,-0.738977,0.083292,-0.036302,0.494600,0.520000,-1.981769,0.177801,-1.468354,0.523261,0.767615,-0.043084,0.390201,-1.763529,-0.853511,0.827274,0.878070,-0.283550,0.218811,-0.797458
-0.022343,-1.101490,0.463700,0.447783,0.433060,-0.641615,0.447525,-0.403178,0.092317,-0.335306,0.383134,0.523600,-0.261800,-1.699169,0.298558,-0.060504,1.791964,-0.725658,0.091093,-0.052158,0.481236,0.520000,-1.954455,0.184115,-1.506481,0.497197,0.794693,-0.034865,0.370285,-1.723773,-0.838452,0.801005,0.828000,-0.298774,0.204555,-0.791694
-0.026095,-1.124256,0.460024,0.456468,0.441791,-0.638722,0.434158,-0.420904,0.106292,-0.319882,0.368891,0.523600,-0.261800,-1.670976,0.321299,-0.034537,1.758552,-0.714124,0.096301,-0.067258,0.465951,0.520000,-1.929540,0.192045,-1.542712,0.473800,0.825142,-0.027265,0.351351,-1.689121,-0.822214,0.788396,0.792349,-0.303665,0.192929,-0.813982
-0.030074,-1.147472,0.456060,0.465692,0.450594,-0.635323,0.420072,-0.439683,0.120175,-0.302023,0.354583,0.523600,-0.261800,-1.640564,0.342812,-0.005251,1.719543,-0.703016,0.099236,-0.082774,0.449204,0.520000,-1.905648,0.201615,-1.577817,0.452910,0.857659,-0.019546,0.332935,-1.658435,-0.804580,0.788883,0.768330,-0.300054,0.178189,-0.850056
-0.034098,-1.171177,0.451855,0.475052,0.459510,-0.631632,0.405237,-0.458243,0.134589,-0.281227,0.339251,0.523600,-0.261800,-1.608547,0.362878,0.026546,1.675529,-0.685456,0.104557,-0.098471,0.431931,0.520000,-1.878788,0.212294,-1.602420,0.433807,0.884730,-0.008858,0.302423,-1.630994,-0.785376,0.795505,0.752331,-0.293979,0.160702,-0.890331
-0.038038,-1.195213,0.447250,0.484127,0.468608,-0.627856,0.389646,-0.475037,0.150081,-0.257070,0.321503,0.523600,-0.261800,-1.575500,0.381378,0.060074,1.626871,-0.654651,0.117298,-0.113846,0.415036,0.520000,-1.844908,0.222965,-1.607032,0.416177,0.899625,0.007592,0.247094,-1.606077,-0.764433,0.800816,0.740046,-0.291046,0.141193,-0.925200
-0.041970,-1.219815,0.442414,-0.493117,-0.477662,0.624005,-0.373219,-0.489773,0.165792,-0.229268,0.300827,0.523600,-0.261800,-1.540853,0.400092,0.097999,1.573012,-0.606965,0.136294,-0.129367,0.397834,0.520000,-1.801017,0.231850,-1.586029,0.398500,0.899976,0.036845,0.143609,-1.582772,-0.741310,0.801982,0.730528,-0.291539,0.117788,-0.954870
-0.045814,-1.244532,0.437251,-0.502157,-0.486571,0.619983,-0.355961,-0.502391,0.181240,-0.197592,0.277168,0.523600,-0.261800,-1.503770,0.418129,0.140996,1.513947,-0.547138,0.160387,-0.145448,0.379741,0.520000,-1.750020,0.237585,-1.544994,0.382870,0.894014,0.076986,0.005007,-1.561728,-0.715951,0.803223,0.726151,-0.293138,0.090774,-0.983543
-0.049645,-1.269573,0.431741,-0.510685,-0.495695,0.615823,-0.338008,-0.511328,0.197675,-0.161518,0.249120,0.523600,-0.261800,-1.464996,0.432312,0.184908,1.450556,-0.481060,0.194935,-0.161157,0.361962,0.520000,-1.696906,0.239661,-1.491392,0.373929,0.887733,0.116741,-0.125772,-1.544304,-0.688923,0.807085,0.726967,-0.296785,0.064424,-1.007686
-0.053383,-1.294350,0.426043,-0.518210,-0.505370,0.611583,-0.319416,-0.515384,0.215986,-0.120344,0.215808,0.523600,-0.261800,-1.425983,0.440428,0.225527,1.383572,-0.414515,0.245400,-0.175386,0.345307,0.520000,-1.646534,0.238531,-1.433075,0.375938,0.880827,0.143725,-0.205807,-1.531307,-0.661305,0.815383,0.732328,-0.303045,0.043009,-1.023728
-0.057413,-1.319429,0.419747,-0.524178,-0.516249,0.606163,-0.302143,-0.511616,0.240462,-0.073770,0.172719,0.523600,-0.261800,-1.384255,0.441089,0.247908,1.304321,-0.340525,0.261800,-0.188084,0.334700,0.520000,-1.597894,0.234063,-1.366840,0.390663,0.863840,0.150776,-0.220934,-1.520678,-0.634180,0.827123,0.744062,-0.313272,0.027597,-1.031636
-0.062030,-1.344414,0.412961,-0.528466,-0.528771,0.598829,-0.287278,-0.501110,0.271667,-0.024494,0.121090,0.523600,-0.261800,-1.340553,0.433441,0.251661,1.212904,-0.258236,0.261800,-0.199503,0.332877,0.520000,-1.548626,0.225122,-1.291364,0.413316,0.836717,0.145343,-0.194719,-1.509979,-0.608390,0.840808,0.761592,-0.326371,0.015833,-1.033197
-0.066071,-1.368986,0.405491,-0.530633,-0.542288,0.592534,-0.270659,-0.511307,0.303939,0.028145,0.122601,0.490248,-0.250268,-1.302238,0.419352,0.242944,1.127156,-0.180590,0.261800,-0.205819,0.329707,0.520000,-1.502169,0.211975,-1.216206,0.440987,0.810817,0.136483,-0.142083,-1.500604,-0.584223,0.857294,0.779242,-0.338636,0.006677,-1.026844
-0.069043,-1.393451,0.397637,-0.531960,-0.556042,0.587568,-0.250200,-0.533098,0.334186,0.085045,0.150400,0.442960,-0.209596,-1.278481,0.393314,0.217833,1.061092,-0.117573,0.261800,-0.208034,0.319470,0.520000,-1.464159,0.196511,-1.150602,0.470334,0.797624,0.135085,-0.076824,-1.496089,-0.561863,0.877100,0.792103,-0.346907,-0.000695,-1.011540
-0.071103,-1.417771,0.389634,-0.532822,-0.569177,0.584660,-0.224302,-0.553557,0.358782,0.141908,0.176942,0.401462,-0.162032,-1.273435,0.344004,0.164772,1.019251,-0.071244,0.261800,-0.206798,0.298488,0.520000,-1.436556,0.181284,-1.098237,0.502589,0.803175,0.146426,0.015105,-1.499144,-0.541365,0.904039,0.799885,-0.349845,-0.003361,-0.987025
-0.072604,-1.442545,0.381478,-0.532680,-0.581808,0.582944,-0.194751,-0.572884,0.380631,0.198478,0.204640,0.361552,-0.109131,-1.278027,0.277741,0.090319,0.995254,-0.039636,0.261800,-0.202362,0.271126,0.520000,-1.415922,0.168244,-1.053675,0.536025,0.818644,0.165924,0.135889,-1.507638,-0.522805,0.936056,0.804748,-0.349378,-0.001800,-0.953846
-0.073844,-1.467264,0.372664,-0.531144,-0.594592,0.580812,-0.164330,-0.590979,0.402761,0.247847,0.231895,0.324151,-0.058988,-1.284311,0.215086,0.017033,0.986922,-0.024278,0.261800,-0.196891,0.242654,0.520000,-1.399048,0.157688,-1.010485,0.564862,0.833521,0.189473,0.253234,-1.516782,-0.505843,0.965756,0.803994,-0.347139,-0.001893,-0.911865
-0.075072,-1.491764,0.363074,-0.527968,-0.608603,0.576699,-0.135168,-0.608506,0.428547,0.284277,0.256661,0.291445,-0.019896,-1.290406,0.176947,-0.034196,0.989399,-0.018771,0.261800,-0.190854,0.217636,0.520000,-1.384035,0.149303,-0.962911,0.584363,0.839697,0.210326,0.335063,-1.522792,-0.490196,0.985509,0.795669,-0.344389,-0.009635,-0.860828
-0.076207,-1.516034,0.352872,-0.522936,-0.624427,0.570235,-0.107052,-0.626931,0.459218,0.306545,0.278277,0.267804,0.006033,-1.300975,0.173148,-0.054169,1.001276,-0.020626,0.261800,-0.183396,0.196321,0.520000,-1.370801,0.143018,-0.907545,0.591905,0.839434,0.224760,0.363823,-1.525868,-0.476011,0.993314,0.779455,-0.336843,-0.029246,-0.796370
-0.077533,-1.540106,0.341858,-0.516254,-0.641371,0.562034,-0.079012,-0.646760,0.492943,0.318006,0.298227,0.252038,0.024145,-1.318001,0.190477,-0.055983,1.024286,-0.032094,0.261800,-0.174015,0.177066,0.520000,-1.359685,0.139330,-0.848679,0.590437,0.837158,0.236538,0.359865,-1.527841,-0.463504,0.993526,0.756800,-0.324034,-0.056019,-0.719614
-0.078965,-1.564024,0.330208,-0.508645,-0.658595,0.552162,-0.051483,-0.666039,0.527228,0.321484,0.313965,0.240088,0.037130,-1.338581,0.215186,-0.052877,1.057403,-0.049657,0.261800,-0.163973,0.160292,0.520000,-1.349793,0.138637,-0.791942,0.584222,0.829385,0.249062,0.348731,-1.528254,-0.452386,0.988117,0.728148,-0.313278,-0.083491,-0.638697
-0.080593,-1.587593,0.317789,-0.500683,-0.675430,0.540829,-0.024792,-0.683822,0.560263,0.319475,0.325870,0.226053,0.047304,-1.359625,0.233309,-0.057381,1.099470,-0.068649,0.261800,-0.154654,0.145776,0.520000,-1.339865,0.141015,-0.742714,0.577798,0.811786,0.265272,0.356081,-1.526822,-0.441890,0.978869,0.693864,-0.313042,-0.106701,-0.562201
-0.082407,-1.610909,0.304748,-0.492581,-0.692228,0.527431,0.000906,-0.700177,0.591829,0.309301,0.330472,0.212168,0.051039,-1.381010,0.242126,-0.074117,1.152242,-0.088080,0.261800,-0.146545,0.133698,0.520000,-1.328155,0.145815,-0.699350,0.571959,0.781363,0.287506,0.389346,-1.525062,-0.431014,0.963342,0.654884,-0.330320,-0.127894,-0.486372
-0.084229,-1.633885,0.291004,-0.483692,-0.709270,0.512165,0.025775,-0.718329,0.623866,0.289417,0.334713,0.197189,0.048459,-1.403496,0.248741,-0.096310,1.215476,-0.110175,0.261800,-0.139031,0.123493,0.520000,-1.314248,0.152702,-0.659772,0.564902,0.739820,0.311998,0.435466,-1.523106,-0.419273,0.941677,0.611716,-0.359175,-0.151037,-0.409020
-0.086038,-1.656665,0.276448,-0.474216,-0.725330,0.496477,0.050264,-0.734710,0.653563,0.268839,0.337712,0.178927,0.047795,-1.426251,0.251562,-0.117584,1.284677,-0.133619,0.261800,-0.133470,0.112752,0.520000,-1.300076,0.162651,-0.628423,0.557350,0.690019,0.332051,0.489137,-1.519673,-0.406706,0.919346,0.563257,-0.389994,-0.173089,-0.341339
-0.087970,-1.679173,0.261661,-0.464021,-0.739564,0.481810,0.074755,-0.748925,0.680303,0.254217,0.345958,0.151234,0.056754,-1.448059,0.250462,-0.131540,1.355333,-0.157018,0.261800,-0.130385,0.099554,0.520000,-1.286353,0.177514,-0.610059,0.549057,0.635824,0.341648,0.543908,-1.512165,-0.393649,0.901680,0.507258,-0.413851,-0.188903,-0.294193
-0.089491,-1.701320,0.246874,-0.453108,-0.752053,0.468288,0.099071,-0.760531,0.706071,0.249525,0.362332,0.105654,0.081211,-1.468542,0.245256,-0.136091,1.428896,-0.180149,0.261800,-0.130274,0.084156,0.520000,-1.272442,0.199199,-0.608394,0.539674,0.573041,0.333301,0.606784,-1.500374,-0.379984,0.891373,0.436937,-0.430682,-0.191760,-0.271133
-0.090354,-1.723299,0.232225,-0.441542,-0.763232,0.455360,0.123149,-0.769494,0.730331,0.249497,0.382787,0.046868,0.114630,-1.488030,0.236741,-0.133510,1.506581,-0.203607,0.261800,-0.133256,0.066318,0.520000,-1.256134,0.228118,-0.620375,0.529100,0.503482,0.309860,0.675523,-1.484144,-0.365238,0.885124,0.353508,-0.445261,-0.184753,-0.265869
-0.090827,-1.745090,0.218082,-0.429287,-0.772886,0.443388,0.147538,-0.776757,0.749443,0.246988,0.405004,-0.011660,0.146912,-1.506875,0.227011,-0.124213,1.584012,-0.227689,0.261800,-0.138955,0.043866,0.520000,-1.237784,0.263442,-0.640910,0.517823,0.438219,0.284789,0.731017,-1.461699,-0.349401,0.879327,0.267198,-0.455986,-0.176628,-0.274337
-0.091284,-1.766383,0.204334,-0.416353,-0.780781,0.432654,0.172749,-0.784349,0.760420,0.235791,0.428465,-0.056153,0.169593,-1.525652,0.217803,-0.109320,1.657094,-0.252595,0.261800,-0.146980,0.015103,0.520000,-1.219660,0.303685,-0.664766,0.505792,0.384971,0.274991,0.757417,-1.432892,-0.333002,0.870203,0.189169,-0.461336,-0.176560,-0.292649
-0.091410,-1.787843,0.191096,-0.402431,-0.785873,0.425232,0.199072,-0.789744,0.758164,0.220386,0.454539,-0.083489,0.183066,-1.545279,0.208750,-0.082762,1.726927,-0.279420,0.261800,-0.159472,-0.025801,0.520000,-1.205464,0.348232,-0.694230,0.495246,0.349916,0.294728,0.747140,-1.395854,-0.316344,0.857310,0.116252,-0.458381,-0.192936,-0.327715
-0.091551,-1.809479,0.178002,-0.387577,-0.788636,0.420390,0.226075,-0.793201,0.746139,0.202750,0.484973,-0.101287,0.191664,-1.565283,0.199939,-0.045846,1.795071,-0.307646,0.261800,-0.175958,-0.076390,0.520000,-1.196391,0.396984,-0.731543,0.485775,0.327215,0.335152,0.711577,-1.354190,-0.299474,0.843238,0.045781,-0.449651,-0.218914,-0.379043
-0.091923,-1.830928,0.164764,-0.372379,-0.791088,0.414030,0.253167,-0.802362,0.734016,0.172974,0.521689,-0.112230,0.193162,-1.584212,0.192849,-0.011623,1.858267,-0.335010,0.261800,-0.192079,-0.125036,0.520000,-1.190437,0.449106,-0.770701,0.472778,0.305224,0.379140,0.664609,-1.314876,-0.283428,0.828027,-0.010656,-0.441567,-0.241041,-0.431269
-0.092541,-1.851154,0.150801,-0.357535,-0.795232,0.401804,0.279874,-0.826182,0.730568,0.120511,0.567711,-0.119652,0.184722,-1.601002,0.188048,0.006617,1.913332,-0.359270,0.261800,-0.202341,-0.159014,0.520000,-1.184374,0.502880,-0.805293,0.452335,0.269984,0.409641,0.620748,-1.283047,-0.269864,0.810013,-0.041365,-0.438514,-0.245626,-0.468779
-0.093270,-1.870077,0.135939,-0.343545,-0.801784,0.381165,0.306320,-0.873614,0.733718,0.034541,0.626646,-0.125740,0.161724,-1.616430,0.182912,0.003868,1.956681,-0.380130,0.261800,-0.204584,-0.172620,0.520000,-1.178155,0.556407,-0.832487,0.426185,0.205309,0.422538,0.580771,-1.257482,-0.260651,0.787729,-0.041025,-0.438008,-0.227163,-0.491790
-0.093503,-1.887829,0.121606,-0.329942,-0.809233,0.354558,0.332519,-0.939135,0.734720,-0.076407,0.700465,-0.132675,0.123214,-1.631065,0.176841,-0.012196,1.991402,-0.398904,0.261800,-0.201091,-0.172783,0.520000,-1.174289,0.608922,-0.856786,0.397930,0.122074,0.428492,0.538017,-1.233716,-0.257063,0.761112,-0.019158,-0.438255,-0.193568,-0.507313
-0.093588,-1.903957,0.110441,-0.316105,-0.816295,0.324926,0.357997,-1.009824,0.733327,-0.194116,0.787828,-0.142609,0.072997,-1.643724,0.173414,-0.036182,2.024294,-0.415709,0.261800,-0.192667,-0.165378,0.520000,-1.172244,0.660639,-0.881858,0.366445,0.045365,0.431220,0.496401,-1.210597,-0.259765,0.729454,0.013281,-0.444642,-0.151087,-0.509919
-0.093630,-1.920229,0.100029,-0.301512,-0.821949,0.295326,0.382457,-1.072935,0.733325,-0.301725,0.883709,-0.153499,0.017698,-1.653076,0.176856,-0.062685,2.061755,-0.430533,0.261800,-0.180182,-0.156723,0.520000,-1.170645,0.712701,-0.910591,0.329366,0.000550,0.432136,0.459797,-1.187591,-0.268923,0.691877,0.045842,-0.463246,-0.105967,-0.493537
-0.094222,-1.936210,0.091163,-0.285517,-0.825676,0.265104,0.407994,-1.131553,0.743674,-0.399623,0.984946,-0.161315,-0.047036,-1.664099,0.190127,-0.096174,2.104455,-0.443340,0.261800,-0.159768,-0.148227,0.520000,-1.173829,0.767194,-0.946052,0.284433,0.001155,0.428252,0.428121,-1.164582,-0.284640,0.641842,0.076188,-0.501466,-0.054254,-0.443912
-0.094059,-1.950737,0.086236,-0.268685,-0.827708,0.233043,0.434050,-1.190896,0.758964,-0.496353,1.093165,-0.167839,-0.121893,-1.675835,0.210047,-0.137369,2.149626,-0.454496,0.261800,-0.132713,-0.139902,0.520000,-1.179751,0.825423,-0.984899,0.232530,0.030965,0.417532,0.399448,-1.138450,-0.307350,0.579773,0.104403,-0.557639,0.003098,-0.366676
-0.092858,-1.963885,0.085090,-0.252544,-0.828849,0.201777,0.456637,-1.239921,0.766337,-0.587168,1.208870,-0.175150,-0.192931,-1.677742,0.232466,-0.175688,2.198174,-0.464405,0.261800,-0.107357,-0.134174,0.520000,-1.176584,0.887161,-1.019578,0.174683,0.070718,0.402243,0.374879,-1.103578,-0.337556,0.515417,0.125307,-0.621441,0.053431,-0.286028
-0.091561,-1.976034,0.085188,-0.238712,-0.830606,0.174114,0.472011,-1.263272,0.756311,-0.664593,1.331742,-0.184053,-0.246780,-1.658352,0.253678,-0.201917,2.250387,-0.473462,0.261800,-0.091941,-0.130095,0.520000,-1.152473,0.950895,-1.042068,0.111986,0.101470,0.385726,0.355354,-1.056073,-0.375493,0.459503,0.137836,-0.678467,0.088034,-0.228305
-0.090100,-1.987359,0.085441,-0.227748,-0.834746,0.151162,0.477997,-1.253318,0.731611,-0.729994,1.465979,-0.194144,-0.261800,-1.607630,0.271458,-0.218618,2.311426,-0.480969,0.261800,-0.089342,-0.124562,0.520000,-1.101403,1.015635,-1.052792,0.044629,0.120851,0.368022,0.342952,-0.993948,-0.421583,0.418803,0.146894,-0.722611,0.101450,-0.206407
-0.088363,-1.997741,0.085870,-0.218409,-0.840854,0.131005,0.477597,-1.214159,0.702722,-0.789642,1.608077,-0.203638,-0.261800,-1.530990,0.287157,-0.235220,2.378795,-0.489643,0.261800,-0.093544,-0.117234,0.520000,-1.028511,1.081185,-1.052183,-0.027572,0.138386,0.347953,0.336617,-0.919023,-0.475363,0.385149,0.153305,-0.759331,0.101879,-0.205640
-0.086536,-2.007581,0.086444,-0.209747,-0.847232,0.112251,0.474978,-1.154960,0.676199,-0.834314,1.746132,-0.210439,-0.261800,-1.441063,0.302759,-0.250739,2.440730,-0.503462,0.261800,-0.099766,-0.110348,0.520000,-0.938296,1.146318,-1.031935,-0.103269,0.152698,0.327564,0.332463,-0.835650,-0.534955,0.347643,0.153699,-0.790894,0.103205,-0.211358
-0.084756,-2.016834,0.087153,-0.201546,-0.851903,0.094108,0.474114,-1.093391,0.654543,-0.851520,1.870607,-0.211657,-0.261800,-1.352886,0.320481,-0.257509,2.486337,-0.523790,0.261800,-0.104618,-0.106021,0.520000,-0.833305,1.209004,-0.982133,-0.181332,0.162305,0.308688,0.326642,-0.744926,-0.597669,0.293978,0.143218,-0.820183,0.118316,-0.208328
-0.083220,-2.025674,0.088097,-0.195425,-0.854615,0.077430,0.474812,-1.035544,0.630068,-0.841574,1.984988,-0.201229,-0.261800,-1.263844,0.344810,-0.246883,2.513279,-0.555292,0.261800,-0.110065,-0.104460,0.520000,-0.707263,1.266268,-0.894462,-0.259368,0.165018,0.288534,0.316103,-0.643271,-0.662472,0.216748,0.123173,-0.846890,0.150132,-0.192596
-0.081702,-2.034976,0.089037,-0.191611,-0.856285,0.062789,0.475520,-0.975589,0.598113,-0.813404,2.094902,-0.182938,-0.261800,-1.167452,0.372394,-0.221612,2.528672,-0.597545,0.261800,-0.116541,-0.103866,0.520000,-0.557559,1.314281,-0.773351,-0.338072,0.159962,0.267202,0.304807,-0.524400,-0.728136,0.117021,0.095742,-0.869712,0.191545,-0.171958
-0.080288,-2.044208,0.089296,-0.188243,-0.856656,0.049494,0.477762,-0.918571,0.561799,-0.766530,2.195068,-0.167057,-0.261800,-1.075184,0.393617,-0.185864,2.535276,-0.639515,0.261800,-0.121104,-0.102641,0.520000,-0.395689,1.348059,-0.632057,-0.419127,0.148122,0.250587,0.299504,-0.392134,-0.789052,-0.001534,0.064084,-0.889927,0.239700,-0.148243
-0.079058,-2.052888,0.088272,-0.182756,-0.855776,0.036611,0.482605,-0.869013,0.527089,-0.697793,2.279004,-0.162781,-0.261800,-1.001330,0.398470,-0.145246,2.534643,-0.664925,0.261800,-0.123511,-0.101593,0.520000,-0.238945,1.363357,-0.489632,-0.499756,0.132920,0.244606,0.305772,-0.270731,-0.837474,-0.120606,0.043665,-0.912044,0.291787,-0.122937
-0.078083,-2.060300,0.085713,-0.174905,-0.852937,0.025734,0.491166,-0.838952,0.495084,-0.599196,2.346804,-0.170280,-0.261800,-0.953966,0.378052,-0.096419,2.525131,-0.666675,0.261800,-0.129908,-0.107081,0.520000,-0.102965,1.357454,-0.357863,-0.575171,0.113080,0.256378,0.327191,-0.185867,-0.869982,-0.225350,0.049059,-0.950578,0.353581,-0.091569
-0.076923,-2.066862,0.082397,-0.165710,-0.848821,0.016179,0.501779,-0.822918,0.463582,-0.474107,2.400558,-0.182840,-0.261800,-0.926992,0.340766,-0.041432,2.505854,-0.651801,0.261800,-0.141445,-0.118154,0.520000,0.001109,1.330938,-0.247627,-0.640912,0.090234,0.280793,0.357953,-0.136992,-0.890033,-0.312894,0.077161,-1.007677,0.423959,-0.051953
-0.075181,-2.072753,0.078893,-0.155311,-0.843886,0.007818,0.513492,-0.815527,0.431410,-0.333419,2.436621,-0.192212,-0.261800,-0.914681,0.295005,0.013045,2.481414,-0.628309,0.261800,-0.157899,-0.132825,0.520000,0.067082,1.288970,-0.168378,-0.695803,0.074169,0.306203,0.388696,-0.110058,-0.902362,-0.382844,0.110589,-1.067704,0.491204,-0.011714
-0.073058,-2.078387,0.075681,-0.143897,-0.838822,0.000048,0.525043,-0.812184,0.397436,-0.191006,2.451589,-0.189717,-0.261800,-0.909945,0.249137,0.062205,2.455784,-0.601496,0.261800,-0.178312,-0.148996,0.520000,0.097705,1.238618,-0.122452,-0.738349,0.074471,0.321799,0.410218,-0.094759,-0.910858,-0.432107,0.137344,-1.110185,0.545483,0.016637
-0.070723,-2.083020,0.072632,-0.131147,-0.833559,-0.006451,0.536598,-0.813392,0.360543,-0.042967,2.441418,-0.167751,-0.261800,-0.913667,0.207498,0.112056,2.428957,-0.566389,0.261800,-0.201822,-0.168348,0.520000,0.100935,1.184367,-0.103718,-0.772675,0.097398,0.323047,0.421702,-0.091727,-0.917857,-0.455946,0.155591,-1.116849,0.587664,0.022204
-0.067912,-2.086688,0.069902,-0.117102,-0.827996,-0.012323,0.548232,-0.817323,0.324334,0.110830,2.406748,-0.131166,-0.261800,-0.928467,0.167422,0.161235,2.399878,-0.522813,0.261800,-0.228891,-0.190754,0.520000,0.078945,1.128061,-0.105620,-0.796394,0.134257,0.316580,0.428295,-0.107089,-0.924859,-0.455433,0.172013,-1.097295,0.623235,0.009499
-0.064531,-2.089917,0.067956,-0.103087,-0.822558,-0.019878,0.558907,-0.821276,0.291091,0.249646,2.354868,-0.090280,-0.261800,-0.948823,0.124441,0.196873,2.369550,-0.480937,0.261800,-0.257604,-0.209700,0.520000,0.043225,1.072649,-0.120110,-0.810910,0.174069,0.308776,0.430766,-0.135089,-0.933609,-0.440377,0.188903,-1.072000,0.650228,-0.012022
-0.061044,-2.092993,0.066777,-0.090310,-0.817631,-0.031181,0.567759,-0.825506,0.260773,0.355511,2.295129,-0.057211,-0.261800,-0.968041,0.072530,0.207939,2.338114,-0.450421,0.261800,-0.287083,-0.220586,0.520000,-0.003280,1.021012,-0.144045,-0.811088,0.204143,0.305804,0.429649,-0.171393,-0.944816,-0.418301,0.209013,-1.063155,0.666942,-0.030719
-0.057931,-2.096405,0.066536,-0.079340,-0.812833,-0.046525,0.575190,-0.834317,0.227939,0.428034,2.225787,-0.039428,-0.261800,-0.984892,-0.004051,0.186257,2.302306,-0.434370,0.261800,-0.317191,-0.222516,0.520000,-0.059483,0.974064,-0.177197,-0.796731,0.219244,0.310474,0.426661,-0.210256,-0.958367,-0.389525,0.229030,-1.080592,0.665033,-0.045569
-0.054679,-2.100372,0.067281,0.068699,0.807924,0.065171,-0.581629,-0.848280,0.188076,0.476078,2.145114,-0.036305,-0.261800,-0.999064,-0.095965,0.141517,2.263189,-0.425012,0.261800,-0.345748,-0.219094,0.520000,-0.126153,0.930995,-0.219018,-0.768915,0.224717,0.319386,0.422630,-0.255382,-0.973344,-0.350206,0.249353,-1.110886,0.648052,-0.062073
-0.051390,-2.104139,0.069183,-0.056560,-0.803545,-0.086758,0.586165,-0.861820,0.146445,0.500248,2.061991,-0.043939,-0.261800,-1.005958,-0.174139,0.091939,2.226725,-0.417360,0.261800,-0.368861,-0.213812,0.520000,-0.200319,0.891158,-0.266087,-0.727751,0.225295,0.329604,0.416832,-0.315154,-0.988090,-0.301897,0.278269,-1.141932,0.632569,-0.077299
-0.048688,-2.108217,0.071600,-0.042513,-0.800113,-0.109912,0.588159,-0.868888,0.112214,0.503558,1.984741,-0.050939,-0.261800,-1.005310,-0.214278,0.055977,2.197999,-0.409999,0.261800,-0.385889,-0.209871,0.520000,-0.277557,0.854143,-0.314493,-0.675856,0.226400,0.337974,0.408358,-0.395485,-0.999873,-0.248546,0.321937,-1.161778,0.634557,-0.087003
-0.046811,-2.112374,0.074990,-0.027188,-0.797535,-0.133770,0.587626,-0.866015,0.096369,0.489421,1.914745,-0.045278,-0.261800,-1.001153,-0.204881,0.043183,2.178818,-0.402188,0.261800,-0.399048,-0.208320,0.520000,-0.356940,0.819862,-0.363238,-0.614491,0.226225,0.345918,0.396003,-0.502042,-1.005724,-0.197420,0.387000,-1.163279,0.665100,-0.089113
-0.045515,-2.116697,0.078948,-0.010961,-0.794769,-0.158699,0.585693,-0.858268,0.097477,0.462965,1.848815,-0.030615,-0.261800,-1.000084,-0.163385,0.044585,2.166395,-0.392540,0.261800,-0.408013,-0.207416,0.520000,-0.439008,0.788060,-0.413309,-0.546533,0.223306,0.354283,0.380603,-0.621735,-1.003938,-0.152665,0.462215,-1.154339,0.713115,-0.086575
-0.044454,-2.121368,0.082980,0.006068,-0.790784,-0.185035,0.583426,-0.851761,0.110394,0.429800,1.788393,-0.013768,-0.261800,-1.005999,-0.110676,0.049458,2.157956,-0.380912,0.261800,-0.410486,-0.205728,0.520000,-0.522987,0.758573,-0.464257,-0.475531,0.223261,0.358759,0.363805,-0.732120,-0.994091,-0.113845,0.526963,-1.146521,0.761052,-0.081192
-0.043239,-2.126180,0.086923,0.023483,-0.784954,-0.212814,0.581383,-0.850803,0.127073,0.391828,1.733540,-0.001181,-0.261800,-1.018008,-0.068000,0.046206,2.150156,-0.371160,0.261800,-0.406349,-0.202805,0.520000,-0.607098,0.731546,-0.514644,-0.404155,0.231463,0.354820,0.347285,-0.814877,-0.976585,-0.076195,0.563284,-1.152440,0.791212,-0.072682
-0.041914,-2.131671,0.090521,0.040998,-0.776895,-0.242685,0.579532,-0.856571,0.147989,0.344849,1.683640,0.009330,-0.261800,-1.033694,-0.038980,0.029464,2.140726,-0.366488,0.261800,-0.395941,-0.197441,0.520000,-0.692046,0.707507,-0.565305,-0.332750,0.250417,0.339873,0.330895,-0.864755,-0.951032,-0.033824,0.562301,-1.184525,0.798009,-0.053534
-0.040383,-2.137205,0.093901,0.058521,-0.766803,-0.274490,0.577273,-0.867604,0.175971,0.287658,1.639011,0.019154,-0.261800,-1.052128,-0.012696,0.004676,2.131422,-0.365304,0.261800,-0.381361,-0.190844,0.520000,-0.776718,0.686818,-0.616178,-0.261229,0.276298,0.316437,0.314830,-0.893497,-0.917578,0.011335,0.536598,-1.232543,0.790806,-0.027045
-0.038808,-2.142944,0.097111,0.075853,-0.755264,-0.306622,0.574287,-0.882122,0.205551,0.225521,1.599397,0.023126,-0.261800,-1.072792,0.010306,-0.022912,2.124906,-0.366481,0.261800,-0.365980,-0.186456,0.520000,-0.857621,0.669736,-0.664944,-0.190345,0.305032,0.287705,0.301116,-0.912070,-0.878427,0.055326,0.502659,-1.275458,0.775033,-0.008210
-0.037151,-2.148469,0.100493,0.092960,-0.743012,-0.337498,0.570427,-0.897717,0.232191,0.164136,1.564775,0.016745,-0.261800,-1.095885,0.029340,-0.047719,2.123852,-0.368583,0.261800,-0.352131,-0.186889,0.520000,-0.931854,0.656428,-0.709940,-0.120828,0.333146,0.257057,0.291195,-0.932156,-0.836694,0.094036,0.477578,-1.294108,0.756941,-0.009513
-0.035159,-2.153909,0.104029,0.110586,-0.730289,-0.366590,0.565738,-0.913463,0.254282,0.102536,1.535089,-0.003728,-0.261800,-1.123216,0.042862,-0.067759,2.130558,-0.371310,0.261800,-0.338699,-0.192207,0.520000,-1.002694,0.647216,-0.754224,-0.051683,0.362466,0.224268,0.287059,-0.957056,-0.793925,0.127103,0.463478,-1.275340,0.732038,-0.043015
-0.032949,-2.159361,0.107754,0.128452,-0.716565,-0.394835,0.560482,-0.931350,0.275343,0.038244,1.510287,-0.034432,-0.261800,-1.154253,0.051627,-0.086699,2.143126,-0.375374,0.261800,-0.324644,-0.199729,0.520000,-1.071482,0.642061,-0.799272,0.016357,0.394050,0.188173,0.287809,-0.981528,-0.750589,0.157401,0.452180,-1.234709,0.697733,-0.095745
-0.030232,-2.165153,0.111484,0.145252,-0.701676,-0.422745,0.554832,-0.952083,0.298443,-0.026020,1.490309,-0.068761,-0.261800,-1.185678,0.058373,-0.106328,2.158121,-0.381029,0.261800,-0.311710,-0.207956,0.520000,-1.134919,0.640478,-0.841514,0.082527,0.422740,0.150664,0.289492,-1.005413,-0.708207,0.185527,0.446269,-1.194689,0.664391,-0.143401
-0.027045,-2.171212,0.115206,0.159909,-0.685662,-0.450771,0.548728,-0.975720,0.325571,-0.088308,1.474723,-0.099985,-0.261800,-1.214199,0.065952,-0.128253,2.172274,-0.388308,0.261800,-0.300759,-0.215467,0.520000,-1.189498,0.641845,-0.877279,0.146462,0.443510,0.113318,0.287565,-1.028423,-0.668725,0.211612,0.448770,-1.172937,0.644780,-0.166096
-0.023646,-2.177386,0.118943,0.173143,-0.669966,-0.476262,0.542532,-1.002041,0.356010,-0.139514,1.462196,-0.125263,-0.244118,-1.241216,0.069801,-0.147462,2.188420,-0.399629,0.261800,-0.295079,-0.227338,0.520000,-1.238327,0.646618,-0.906464,0.211337,0.455885,0.073169,0.278585,-1.053853,-0.634827,0.233595,0.463816,-1.169374,0.647802,-0.155228
-0.020446,-2.183842,0.122958,0.185699,-0.654653,-0.499620,0.536027,-1.032943,0.396263,-0.171705,1.452978,-0.149262,-0.172939,-1.267961,0.070147,-0.163101,2.207441,-0.414105,0.261800,-0.291928,-0.242182,0.520000,-1.282984,0.655078,-0.931817,0.276687,0.461964,0.030413,0.264940,-1.081922,-0.607789,0.253120,0.489165,-1.172594,0.665391,-0.123671
-0.017256,-2.190523,0.126073,0.196698,-0.638490,-0.523276,0.528983,-1.066434,0.434447,-0.208172,1.446031,-0.172759,-0.114332,-1.292062,0.072623,-0.179537,2.225437,-0.428993,0.261800,-0.287280,-0.253695,0.520000,-1.320141,0.666045,-0.953007,0.337489,0.461255,-0.008512,0.250108,-1.103374,-0.585459,0.271178,0.512661,-1.186474,0.685666,-0.084700
-0.013693,-2.197560,0.129674,0.205577,-0.621248,-0.547233,0.521848,-1.102208,0.472854,-0.245099,1.438266,-0.193293,-0.073461,-1.312332,0.078548,-0.195606,2.240459,-0.443053,0.261800,-0.281308,-0.260480,0.520000,-1.348963,0.678009,-0.969601,0.390935,0.454237,-0.036973,0.237564,-1.115380,-0.564940,0.290886,0.526397,-1.212259,0.696595,-0.052565
-0.010575,-2.205183,0.132784,0.211073,-0.602191,-0.572816,0.514486,-1.140871,0.517165,-0.285508,1.429335,-0.209161,-0.053832,-1.327345,0.097698,-0.209521,2.249900,-0.457785,0.261800,-0.272880,-0.259773,0.520000,-1.367511,0.689404,-0.980920,0.438434,0.439999,-0.052174,0.225743,-1.113971,-0.543323,0.313926,0.528314,-1.262248,0.693423,-0.026072
-0.007539,-2.213303,0.135680,0.213484,-0.581739,-0.599397,0.506682,-1.182467,0.565229,-0.330659,1.419579,-0.219757,-0.050597,-1.336872,0.126782,-0.222877,2.256346,-0.476334,0.261800,-0.263431,-0.254537,0.520000,-1.378045,0.699858,-0.988239,0.484646,0.419306,-0.057814,0.213445,-1.106727,-0.520869,0.341042,0.527940,-1.329353,0.682370,-0.001348
-0.004725,-2.221678,0.138742,0.215149,-0.561348,-0.624394,0.498730,-1.225151,0.608908,-0.372997,1.408057,-0.225402,-0.057141,-1.343510,0.147162,-0.239350,2.264683,-0.495884,0.261800,-0.254980,-0.250560,0.520000,-1.385609,0.709851,-0.993260,0.529493,0.395205,-0.057371,0.204897,-1.098328,-0.498594,0.367674,0.525863,-1.392189,0.669545,0.012475
-0.001860,-2.230191,0.142181,0.219044,-0.542350,-0.645738,0.490815,-1.266000,0.641974,-0.404025,1.395217,-0.227587,-0.067612,-1.351748,0.139355,-0.262305,2.278382,-0.508287,0.261800,-0.248475,-0.253473,0.520000,-1.395852,0.720608,-0.997711,0.572310,0.370506,-0.054607,0.204285,-1.095596,-0.478374,0.390234,0.523572,-1.429407,0.662422,0.008366
0.001926,-2.237590,0.146585,0.227917,-0.525459,-0.662603,0.482602,-1.301533,0.664991,-0.415760,1.382073,-0.226302,-0.083587,-1.360952,0.076451,-0.293662,2.300419,-0.504988,0.261800,-0.242874,-0.267456,0.520000,-1.412359,0.733558,-1.000838,0.612552,0.345627,-0.048504,0.215263,-1.102359,-0.462126,0.406641,0.519587,-1.427134,0.665594,-0.024570
0.005725,-2.245552,0.151862,0.238551,-0.510740,-0.676147,0.474408,-1.330717,0.680359,-0.413408,1.369678,-0.222816,-0.107032,-1.361417,-0.022114,-0.328067,2.328935,-0.498390,0.261800,-0.240154,-0.288351,0.520000,-1.429589,0.748977,-1.001463,0.649012,0.318791,-0.038487,0.235139,-1.112712,-0.450038,0.419857,0.512089,-1.398662,0.673469,-0.079210
0.009400,-2.253598,0.157139,0.246447,-0.497596,-0.688030,0.467201,-1.356320,0.687456,-0.408532,1.358052,-0.219656,-0.133474,-1.352606,-0.109457,-0.362350,2.358225,-0.500293,0.261800,-0.242676,-0.308733,0.520000,-1.441437,0.766247,-1.000816,0.680329,0.289689,-0.028886,0.258151,-1.120832,-0.441149,0.433536,0.502644,-1.364866,0.679408,-0.133918
0.013212,-2.262266,0.161696,0.250103,-0.483951,-0.700527,0.460980,-1.385263,0.690416,-0.411961,1.346433,-0.217376,-0.158478,-1.350291,-0.143522,-0.394824,2.379811,-0.503513,0.261800,-0.247146,-0.321649,0.520000,-1.445929,0.784396,-1.000916,0.706045,0.258278,-0.023547,0.278048,-1.124674,-0.434523,0.450552,0.493963,-1.347826,0.679783,-0.165789
0.017070,-2.271451,0.164372,0.248547,-0.469169,-0.714661,0.455374,-1.420493,0.689303,-0.429788,1.335743,-0.215568,-0.181406,-1.370790,-0.096367,-0.427669,2.387260,-0.503777,0.261800,-0.251984,-0.325477,0.520000,-1.440872,0.802447,-1.001020,0.726866,0.221889,-0.023477,0.295095,-1.122362,-0.428824,0.472506,0.486676,-1.360672,0.673067,-0.160712
0.020877,-2.281006,0.166143,0.241135,-0.456088,-0.728043,0.451432,-1.452784,0.677066,-0.451314,1.326623,-0.214546,-0.204119,-1.400975,0.001434,-0.463550,2.389316,-0.515470,0.261800,-0.263704,-0.327070,0.520000,-1.425990,0.820081,-1.000357,0.745085,0.181812,-0.026785,0.311922,-1.115401,-0.422783,0.499227,0.480857,-1.388101,0.661301,-0.134314
0.024256,-2.291070,0.167806,0.229941,-0.446269,-0.738587,0.449956,-1.475465,0.653509,-0.462236,1.317886,-0.215036,-0.225918,-1.423323,0.105201,-0.498405,2.397731,-0.545802,0.261800,-0.284822,-0.331475,0.520000,-1.406089,0.837555,-1.001374,0.761849,0.143931,-0.032270,0.325442,-1.105974,-0.415846,0.527813,0.475522,-1.414012,0.648503,-0.106851
0.027476,-2.300942,0.170099,0.221383,-0.437556,-0.746598,0.449585,-1.493470,0.629773,-0.455421,1.306089,-0.215142,-0.247121,-1.430944,0.166379,-0.529246,2.417999,-0.571732,0.261800,-0.306920,-0.339039,0.520000,-1.392384,0.855642,-1.008031,0.776933,0.113703,-0.038185,0.332316,-1.104654,-0.410509,0.555040,0.473441,-1.420546,0.640676,-0.097214
0.031235,-2.310066,0.172801,0.220146,-0.426682,-0.753339,0.449398,-1.518384,0.615663,-0.430682,1.286860,-0.211279,-0.261800,-1.426593,0.158122,-0.557398,2.450947,-0.560171,0.261800,-0.320333,-0.344222,0.520000,-1.392611,0.874452,-1.022973,0.787853,0.087702,-0.044658,0.330376,-1.112215,-0.410118,0.575783,0.471099,-1.404710,0.640860,-0.110966
0.035389,-2.318398,0.175696,0.223802,-0.414088,-0.759084,0.449705,-1.550384,0.608518,-0.391084,1.261372,-0.203642,-0.261800,-1.416502,0.107665,-0.582493,2.491341,-0.520777,0.261800,-0.327132,-0.345435,0.520000,-1.402562,0.893388,-1.044347,0.793967,0.064257,-0.051795,0.321705,-1.124532,-0.416396,0.592214,0.467031,-1.375023,0.645080,-0.137207
0.040002,-2.326234,0.179218,0.229906,-0.401189,-0.763848,0.450251,-1.582522,0.603276,-0.343773,1.231972,-0.193992,-0.261800,-1.405213,0.042132,-0.601292,2.531867,-0.476447,0.261800,-0.330539,-0.343915,0.520000,-1.417356,0.911940,-1.069185,0.795212,0.051433,-0.057817,0.309248,-1.138758,-0.429373,0.606331,0.462230,-1.338770,0.649784,-0.168643
0.044609,-2.334497,0.182779,0.235059,-0.389118,-0.768885,0.449611,-1.608325,0.598244,-0.297232,1.203250,-0.185146,-0.261800,-1.394225,-0.008347,-0.615318,2.564596,-0.448651,0.261800,-0.331018,-0.340664,0.520000,-1.428474,0.929559,-1.094308,0.791773,0.057355,-0.061359,0.296011,-1.146954,-0.446626,0.619165,0.456065,-1.305782,0.652038,-0.197764
0.049778,-2.342885,0.186622,0.238835,-0.378511,-0.774097,0.447729,-1.625255,0.592116,-0.250640,1.174864,-0.177437,-0.261800,-1.383438,-0.039044,-0.623301,2.586439,-0.443656,0.261800,-0.329763,-0.336691,0.520000,-1.434701,0.946130,-1.119530,0.784057,0.090199,-0.061612,0.280605,-1.150839,-0.466522,0.631783,0.450960,-1.277737,0.652082,-0.223017
0.054741,-2.351700,0.190422,0.242201,-0.368648,-0.779299,0.445119,-1.636277,0.585500,-0.202360,1.145224,-0.169905,-0.261800,-1.370895,-0.062416,-0.625253,2.601724,-0.451077,0.261800,-0.326467,-0.331336,0.520000,-1.438879,0.961728,-1.146336,0.772693,0.143882,-0.060433,0.262205,-1.152801,-0.488535,0.643695,0.447373,-1.250420,0.651211,-0.248482
0.059112,-2.361251,0.194052,0.244679,-0.358794,-0.785003,0.441780,-1.644719,0.579575,-0.157096,1.116838,-0.162585,-0.261800,-1.357591,-0.079020,-0.626057,2.614042,-0.462313,0.261800,-0.320525,-0.323921,0.520000,-1.440809,0.976298,-1.174558,0.758505,0.205137,-0.060139,0.244680,-1.151940,-0.511634,0.654332,0.445659,-1.222674,0.649023,-0.275132
0.062978,-2.371157,0.197341,0.245902,-0.348173,-0.791691,0.437645,-1.654031,0.575948,-0.119015,1.092540,-0.155437,-0.261800,-1.345031,-0.089302,-0.631293,2.627284,-0.468826,0.261800,-0.311278,-0.313759,0.520000,-1.440670,0.989744,-1.204046,0.742346,0.260685,-0.062082,0.232040,-1.147580,-0.534486,0.662838,0.446492,-1.193711,0.645122,-0.303894
0.066861,-2.380842,0.200297,0.245500,-0.336811,-0.799632,0.432294,-1.664042,0.575281,-0.089479,1.073260,-0.149003,-0.261800,-1.333699,-0.091670,-0.642825,2.642581,-0.467920,0.261800,-0.298224,-0.300970,0.520000,-1.438339,1.002134,-1.236705,0.723629,0.313072,-0.065911,0.226221,-1.139505,-0.555929,0.668034,0.450853,-1.163568,0.639143,-0.335625
0.071329,-2.389895,0.203430,0.243884,-0.325080,-0.808407,0.425818,-1.673322,0.576839,-0.065466,1.058024,-0.143194,-0.261800,-1.323031,-0.087560,-0.658601,2.658234,-0.463625,0.261800,-0.282016,-0.286002,0.520000,-1.434443,1.013464,-1.272420,0.702389,0.367330,-0.070586,0.224889,-1.129480,-0.575426,0.670482,0.460040,-1.133333,0.631335,-0.369546
0.075924,-2.399000,0.206831,0.241760,-0.312710,-0.817507,0.418863,-1.683161,0.580407,-0.044432,1.046861,-0.137039,-0.261800,-1.312333,-0.081853,-0.676095,2.672897,-0.457228,0.261800,-0.264105,-0.269139,0.520000,-1.430083,1.023658,-1.307761,0.680841,0.414179,-0.075879,0.225578,-1.119430,-0.593279,0.672319,0.473812,-1.103100,0.622388,-0.404057
0.080743,-2.407997,0.210814,0.239878,-0.299318,-0.826459,0.412108,-1.695086,0.585777,-0.024101,1.039545,-0.129472,-0.261800,-1.301621,-0.079053,-0.692121,2.684893,-0.449553,0.261800,-0.245335,-0.250040,0.520000,-1.425975,1.032566,-1.338623,0.660643,0.444398,-0.081817,0.225718,-1.110921,-0.610117,0.675269,0.491985,-1.073269,0.612980,-0.437668
0.085819,-2.416567,0.215486,0.238828,-0.284440,-0.835198,0.405585,-1.710413,0.594352,-0.003330,1.035682,-0.119339,-0.261800,-1.291845,-0.082706,-0.706466,2.693936,-0.437661,0.261800,-0.225231,-0.227832,0.520000,-1.423335,1.040308,-1.364720,0.641814,0.453567,-0.088832,0.225619,-1.105129,-0.626873,0.679360,0.514264,-1.044044,0.603971,-0.470886
0.090363,-2.425093,0.220457,0.238117,-0.268361,-0.843894,0.398906,-1.728057,0.605840,0.016404,1.035594,-0.107748,-0.261800,-1.283241,-0.090116,-0.720419,2.700876,-0.421349,0.261800,-0.203143,-0.202672,0.520000,-1.421240,1.047003,-1.387340,0.623228,0.447451,-0.096730,0.226049,-1.100576,-0.643967,0.683466,0.540006,-1.015118,0.594775,-0.504133
0.094486,-2.433513,0.225561,0.236710,-0.251746,-0.852512,0.392194,-1.746017,0.617478,0.033003,1.039993,-0.096842,-0.261800,-1.274630,-0.095323,-0.732644,2.705382,-0.405775,0.261800,-0.179776,-0.175687,0.520000,-1.417452,1.052467,-1.405264,0.605041,0.431657,-0.104653,0.225076,-1.094734,-0.661176,0.687773,0.568472,-0.985980,0.584017,-0.535781
0.098333,-2.441723,0.230774,0.233436,-0.235250,-0.861044,0.385705,-1.762346,0.626349,0.044244,1.049628,-0.088487,-0.261800,-1.264135,-0.091282,-0.741977,2.707206,-0.397537,0.261800,-0.156188,-0.147839,0.520000,-1.409167,1.056276,-1.416881,0.587630,0.412113,-0.111705,0.220877,-1.085379,-0.677828,0.692840,0.599571,-0.956089,0.570437,-0.564135
0.101779,-2.450287,0.236005,0.227146,-0.218948,-0.869573,0.379882,-1.774749,0.633638,0.053914,1.066244,-0.085175,-0.261800,-1.250026,-0.070846,-0.746569,2.705838,-0.404071,0.261800,-0.133247,-0.118171,0.520000,-1.394578,1.057771,-1.421509,0.571274,0.385918,-0.118338,0.212796,-1.071519,-0.693090,0.699402,0.634664,-0.922056,0.552683,-0.590108
0.104956,-2.459087,0.241394,0.218400,-0.202640,-0.877956,0.374743,-1.784209,0.639791,0.061807,1.089255,-0.085363,-0.261800,-1.232082,-0.036773,-0.747009,2.701482,-0.423254,0.261800,-0.110872,-0.086475,0.520000,-1.374315,1.056531,-1.419027,0.556352,0.352428,-0.124555,0.201716,-1.054702,-0.706770,0.707060,0.674261,-0.885622,0.531867,-0.613799
0.107987,-2.467891,0.246978,0.208665,-0.186594,-0.885880,0.369944,-1.794051,0.640738,0.059855,1.115602,-0.084497,-0.261800,-1.211245,0.002472,-0.745881,2.694992,-0.446664,0.261800,-0.088511,-0.054204,0.520000,-1.353377,1.052695,-1.413372,0.543217,0.317055,-0.128860,0.188367,-1.036379,-0.719280,0.714655,0.717353,-0.853991,0.510840,-0.632686
0.110990,-2.476520,0.252717,0.199507,-0.170905,-0.893176,0.365001,-1.808134,0.632180,0.039904,1.141936,-0.077789,-0.261800,-1.189489,0.037268,-0.746286,2.687318,-0.464355,0.261800,-0.065284,-0.023138,0.520000,-1.335469,1.046889,-1.407035,0.531995,0.286290,-0.129895,0.173732,-1.017700,-0.731358,0.720882,0.762155,-0.833709,0.492671,-0.644888
0.114276,-2.485060,0.258525,0.191788,-0.155171,-0.899965,0.359448,-1.828099,0.607125,-0.006675,1.166493,-0.060321,-0.261800,-1.168810,0.062515,-0.750514,2.678457,-0.469382,0.261800,-0.040000,0.006222,0.520000,-1.319160,1.039742,-1.396973,0.522171,0.262911,-0.126543,0.156953,-0.998636,-0.743623,0.725731,0.809662,-0.830609,0.478737,-0.652274
0.117109,-2.493546,0.264221,0.184643,-0.139516,-0.906285,0.353680,-1.848654,0.568646,-0.070312,1.191089,-0.036090,-0.261800,-1.148275,0.083810,-0.756224,2.668304,-0.468330,0.261800,-0.013734,0.034511,0.520000,-1.303967,1.031683,-1.383822,0.513338,0.242259,-0.119733,0.138192,-0.978375,-0.756240,0.729840,0.859207,-0.839189,0.467600,-0.655728
0.119684,-2.502235,0.269864,0.177083,-0.124714,-0.911969,0.348427,-1.865526,0.527999,-0.133926,1.217674,-0.013172,-0.261800,-1.125819,0.107334,-0.759892,2.657040,-0.470647,0.261800,0.011083,0.060890,0.520000,-1.288223,1.022928,-1.368595,0.505731,0.225473,-0.111383,0.119986,-0.956262,-0.768971,0.732441,0.905777,-0.848594,0.457855,-0.651957
0.121785,-2.511312,0.275361,0.167876,-0.111625,-0.916840,0.344620,-1.877976,0.496716,-0.183569,1.248272,0.001010,-0.261800,-1.098514,0.141375,-0.757865,2.644714,-0.488092,0.261800,0.031823,0.084968,0.520000,-1.270559,1.013384,-1.353159,0.499482,0.213102,-0.103538,0.104705,-0.931076,-0.781252,0.732521,0.944952,-0.848191,0.448005,-0.637458
0.123584,-2.520396,0.280857,0.156284,-0.100798,-0.920715,0.343072,-1.888176,0.478206,-0.217088,1.282995,0.005430,-0.261800,-1.063724,0.192069,-0.747930,2.630999,-0.529207,0.261800,0.046397,0.106129,0.520000,-1.249961,1.002684,-1.338082,0.494487,0.205811,-0.096220,0.092240,-0.901607,-0.792297,0.730215,0.974449,-0.834856,0.439710,-0.610769
0.125109,-2.529680,0.286206,0.143026,-0.092069,-0.923667,0.343375,-1.896958,0.466313,-0.242505,1.321078,0.003649,-0.261800,-1.021547,0.256189,-0.730804,2.615557,-0.589121,0.261800,0.055686,0.124100,0.520000,-1.226611,0.990600,-1.322469,0.491065,0.203182,-0.088767,0.081462,-0.868695,-0.801509,0.726343,0.997874,-0.814484,0.433557,-0.573853
0.126307,-2.539391,0.291454,0.128981,-0.085012,-0.925969,0.344556,-1.903495,0.458291,-0.263038,1.363102,-0.004347,-0.261800,-0.973059,0.327353,-0.707390,2.598344,-0.658630,0.261800,0.061840,0.139259,0.520000,-1.201625,0.977278,-1.306612,0.489984,0.203664,-0.082204,0.073119,-0.834657,-0.808790,0.721537,1.019969,-0.789150,0.426635,-0.528164
0.127098,-2.549208,0.296678,0.114999,-0.079132,-0.927866,0.345800,-1.906182,0.450746,-0.281410,1.409136,-0.018246,-0.261800,-0.919925,0.397133,-0.679537,2.579584,-0.726984,0.261800,0.066554,0.151581,0.520000,-1.175554,0.965374,-1.290394,0.489897,0.205739,-0.077418,0.067862,-0.801917,-0.813546,0.716047,1.045414,-0.760842,0.415830,-0.474922
0.127662,-2.559012,0.301852,0.101366,-0.074434,-0.929916,0.345601,-1.906132,0.447144,-0.299774,1.462605,-0.041416,-0.261800,-0.862890,0.462607,-0.647167,2.560261,-0.788644,0.261800,0.074283,0.161748,0.520000,-1.148955,0.951675,-1.273323,0.492928,0.211248,-0.075842,0.066971,-0.770067,-0.817492,0.708393,1.075070,-0.728411,0.404031,-0.409808
0.128058,-2.568586,0.306859,0.087844,-0.071041,-0.931975,0.344469,-1.903848,0.448474,-0.317455,1.521574,-0.072897,-0.261800,-0.800958,0.523600,-0.609645,2.540557,-0.845368,0.261800,0.084254,0.169338,0.520000,-1.122419,0.936429,-1.256349,0.498360,0.220106,-0.076555,0.069656,-0.737868,-0.820410,0.698133,1.106586,-0.690915,0.392985,-0.333636
0.128427,-2.577581,0.311875,0.075141,-0.068524,-0.933433,0.344037,-1.897030,0.449305,-0.331687,1.576150,-0.103997,-0.261800,-0.749273,0.523600,-0.582123,2.524982,-0.849998,0.261800,0.093004,0.174893,0.520000,-1.095799,0.921297,-1.239008,0.504690,0.229587,-0.077118,0.073622,-0.705333,-0.822386,0.687894,1.138222,-0.648611,0.377795,-0.255114
0.128970,-2.587054,0.316838,0.064199,-0.067139,-0.933422,0.346545,-1.886569,0.447566,-0.333956,1.622713,-0.129680,-0.253805,-0.697346,0.523600,-0.551863,2.508776,-0.862599,0.261800,0.093916,0.176891,0.520000,-1.068962,0.907174,-1.219118,0.512049,0.237446,-0.075081,0.077005,-0.673722,-0.824135,0.680593,1.167182,-0.601423,0.353073,-0.182496
0.129656,-2.596883,0.321866,0.054928,-0.066269,-0.932247,0.351436,-1.873235,0.444804,-0.323084,1.660385,-0.148835,-0.225276,-0.647564,0.523600,-0.520940,2.489270,-0.872670,0.261800,0.088777,0.176468,0.520000,-1.041171,0.894664,-1.195798,0.518820,0.243680,-0.069103,0.080122,-0.642159,-0.826333,0.677448,1.195834,-0.537963,0.311863,-0.112887
0.130110,-2.606740,0.326820,0.046695,-0.065084,-0.930638,0.357067,-1.855446,0.433558,-0.314739,1.693033,-0.164714,-0.210561,-0.600805,0.523600,-0.490828,2.465039,-0.872670,0.261800,0.082019,0.173451,0.520000,-1.013844,0.889755,-1.173333,0.520055,0.246638,-0.060122,0.084484,-0.609548,-0.827413,0.674876,1.223728,-0.460574,0.260423,-0.041136
0.130656,-2.616165,0.332010,0.039768,-0.059398,-0.930370,0.359585,-1.845855,0.423611,-0.320161,1.721454,-0.176241,-0.202204,-0.563841,0.523600,-0.463146,2.440069,-0.872670,0.261800,0.085608,0.181658,0.520000,-0.987706,0.879842,-1.141808,0.522417,0.253861,-0.051074,0.086274,-0.579485,-0.832245,0.671508,1.247861,-0.386918,0.210516,0.025220
0.130962,-2.625714,0.337277,0.032362,-0.053414,-0.929961,0.362315,-1.837585,0.416916,-0.324250,1.748104,-0.185821,-0.188736,-0.525849,0.523600,-0.432982,2.412708,-0.872670,0.261800,0.088934,0.189915,0.520000,-0.964265,0.871737,-1.115577,0.524997,0.255996,-0.042938,0.086908,-0.544806,-0.838404,0.664269,1.256893,-0.340374,0.170364,0.078466
0.130893,-2.635448,0.342532,0.024567,-0.047915,-0.929530,0.364794,-1.829880,0.415550,-0.325021,1.772552,-0.192574,-0.167954,-0.485614,0.523600,-0.397661,2.382737,-0.872670,0.261800,0.092181,0.197312,0.520000,-0.939360,0.865066,-1.089785,0.526971,0.254440,-0.035887,0.085021,-0.506254,-0.845294,0.655546,1.249110,-0.334724,0.136911,0.113279
0.130693,-2.645343,0.347874,0.016698,-0.042853,-0.928990,0.367236,-1.821447,0.416528,-0.323361,1.794436,-0.196575,-0.144686,-0.443658,0.523600,-0.358853,2.350335,-0.872670,0.261800,0.094876,0.203754,0.520000,-0.912733,0.859720,-1.063306,0.528216,0.250138,-0.029143,0.081386,-0.464852,-0.852758,0.646656,1.228681,-0.356351,0.103702,0.133398
0.130181,-2.655164,0.353217,0.009207,-0.038340,-0.928258,0.369842,-1.812521,0.421239,-0.318527,1.814955,-0.201074,-0.119385,-0.400457,0.523600,-0.318304,2.316697,-0.872670,0.261800,0.096509,0.208606,0.520000,-0.885774,0.855797,-1.036337,0.528976,0.245212,-0.023700,0.076140,-0.424105,-0.860577,0.636904,1.201682,-0.386388,0.073225,0.142559
0.129371,-2.665036,0.358592,0.002764,-0.034753,-0.927152,0.373060,-1.802909,0.430982,-0.308743,1.834981,-0.209451,-0.092260,-0.356955,0.523600,-0.277591,2.283208,-0.872670,0.261800,0.095847,0.210357,0.520000,-0.859745,0.853556,-1.008879,0.529519,0.241821,-0.020580,0.069409,-0.387819,-0.868359,0.625480,1.174290,-0.406061,0.048841,0.145819
0.128408,-2.674740,0.363810,-0.002482,-0.032463,-0.925629,0.377029,-1.792138,0.448190,-0.292644,1.855045,-0.223890,-0.062355,-0.312700,0.523600,-0.236067,2.249705,-0.872670,0.261800,0.092243,0.207788,0.520000,-0.834508,0.853398,-0.980688,0.529958,0.240051,-0.020973,0.059527,-0.356910,-0.875853,0.613550,1.146893,-0.412185,0.031942,0.142254
0.127397,-2.684388,0.368947,-0.007393,-0.030563,-0.924047,0.380984,-1.780635,0.471591,-0.274535,1.875253,-0.243026,-0.030711,-0.268183,0.523600,-0.194446,2.216166,-0.872670,0.261800,0.088126,0.203839,0.520000,-0.809152,0.855363,-0.952014,0.529342,0.238698,-0.024002,0.046802,-0.329031,-0.882893,0.600607,1.117246,-0.414778,0.020847,0.130297
0.126370,-2.693889,0.373974,-0.011617,-0.029098,-0.922364,0.385049,-1.767373,0.496967,-0.254493,1.894306,-0.264676,0.000824,-0.224642,0.523600,-0.153060,2.183011,-0.872670,0.261800,0.083293,0.198281,0.520000,-0.783466,0.859382,-0.922580,0.527529,0.238184,-0.027713,0.034568,-0.304567,-0.889247,0.585364,1.087011,-0.413624,0.014308,0.114888
0.125480,-2.703161,0.379042,-0.014825,-0.028092,-0.920535,0.389368,-1.751508,0.520107,-0.232495,1.910891,-0.286237,0.030420,-0.182877,0.523600,-0.111902,2.150207,-0.872670,0.261800,0.077393,0.190710,0.520000,-0.757275,0.865331,-0.892126,0.524601,0.239074,-0.030170,0.026173,-0.283797,-0.894766,0.566768,1.057598,-0.408176,0.010998,0.100881
0.124413,-2.712320,0.384192,-0.016834,-0.027482,-0.918526,0.394045,-1.733618,0.541609,-0.207506,1.924890,-0.307187,0.060811,-0.143638,0.523600,-0.070486,2.117840,-0.872670,0.261800,0.070063,0.181034,0.520000,-0.730910,0.873302,-0.860559,0.520743,0.242319,-0.031396,0.021958,-0.267710,-0.899111,0.542117,1.029393,-0.395868,0.011757,0.089470
0.123271,-2.721290,0.389458,-0.017816,-0.027175,-0.916384,0.398979,-1.713850,0.562827,-0.179926,1.936799,-0.328800,0.091619,-0.107201,0.523600,-0.029456,2.086217,-0.872670,0.261800,0.061807,0.169583,0.520000,-0.704365,0.883340,-0.827962,0.515835,0.247342,-0.032250,0.020294,-0.255228,-0.902332,0.511977,1.001060,-0.377727,0.016699,0.077953
0.121973,-2.730057,0.394818,-0.017928,-0.027095,-0.914159,0.404053,-1.691425,0.580435,-0.151528,1.946275,-0.350333,0.116850,-0.073945,0.523600,0.009538,2.055745,-0.872670,0.261800,0.053956,0.157521,0.520000,-0.677132,0.894921,-0.794501,0.508755,0.252272,-0.032080,0.021531,-0.246052,-0.904486,0.480898,0.974114,-0.358678,0.023517,0.065657
0.120664,-2.738600,0.400319,-0.017486,-0.027314,-0.911891,0.409150,-1.665612,0.591240,-0.124135,1.952969,-0.370566,0.130718,-0.043245,0.523600,0.045404,2.026407,-0.872670,0.261800,0.046452,0.144305,0.520000,-0.648345,0.907506,-0.760035,0.500330,0.255562,-0.030224,0.026069,-0.235558,-0.906507,0.452522,0.945609,-0.343857,0.029932,0.051542
0.119349,-2.746996,0.405851,-0.015790,-0.028863,-0.909436,0.414541,-1.634296,0.593260,-0.094489,1.955611,-0.388335,0.129998,-0.014940,0.523600,0.078784,1.998875,-0.872670,0.261800,0.038897,0.127965,0.520000,-0.618138,0.920550,-0.724642,0.490548,0.255404,-0.026617,0.035130,-0.227851,-0.908472,0.429693,0.918473,-0.334079,0.036464,0.035773
0.117893,-2.755119,0.411381,-0.013162,-0.031220,-0.906854,0.420082,-1.599870,0.588422,-0.063980,1.954883,-0.403921,0.118726,0.010879,0.523600,0.110034,1.972825,-0.872670,0.261800,0.031043,0.109332,0.520000,-0.586705,0.933919,-0.688123,0.480306,0.253302,-0.021635,0.048106,-0.221744,-0.910447,0.409384,0.891228,-0.326767,0.043970,0.018520
0.116346,-2.763143,0.416985,-0.010107,-0.033832,-0.904165,0.425721,-1.564640,0.579751,-0.033888,1.951842,-0.418547,0.103227,0.034657,0.523600,0.139212,1.947391,-0.872670,0.261800,0.023687,0.090219,0.520000,-0.554086,0.947122,-0.650573,0.468924,0.251966,-0.015382,0.062684,-0.215522,-0.912480,0.390765,0.864408,-0.320879,0.050977,0.000191
0.114718,-2.770991,0.422784,-0.006986,-0.036464,-0.901357,0.431483,-1.529562,0.570360,-0.004250,1.947650,-0.433678,0.089529,0.058419,0.523600,0.168062,1.920666,-0.872670,0.261800,0.017214,0.071700,0.520000,-0.520350,0.959444,-0.612011,0.456077,0.254195,-0.007891,0.076537,-0.208474,-0.914493,0.373983,0.839200,-0.315259,0.055976,-0.018805
0.113065,-2.778759,0.428654,-0.004026,-0.039048,-0.898423,0.437372,-1.494528,0.560584,0.024439,1.942446,-0.449767,0.077510,0.082517,0.523600,0.196000,1.892168,-0.872670,0.261800,0.011825,0.054206,0.520000,-0.486562,0.970240,-0.573480,0.442476,0.261376,0.001431,0.089483,-0.200371,-0.916648,0.359865,0.816211,-0.311250,0.058274,-0.038938
0.111381,-2.786380,0.434578,-0.001021,-0.041693,-0.895372,0.443361,-1.459368,0.548951,0.052144,1.935670,-0.466071,0.064594,0.106328,0.523600,0.222752,1.862602,-0.872670,0.261800,0.007486,0.037331,0.520000,-0.453896,0.979134,-0.535859,0.429319,0.271841,0.012488,0.102533,-0.191715,-0.919113,0.348120,0.795168,-0.308954,0.058829,-0.060244
0.109569,-2.793892,0.440625,0.002335,-0.044395,-0.892203,0.449442,-1.424840,0.535786,0.079577,1.927401,-0.482054,0.053103,0.129056,0.523600,0.249182,1.832885,-0.872670,0.261800,0.004008,0.020660,0.520000,-0.422595,0.985853,-0.498847,0.417217,0.283933,0.024236,0.115144,-0.182228,-0.921702,0.336930,0.775229,-0.305629,0.058486,-0.081727
0.107591,-2.801373,0.446965,0.006119,-0.047262,-0.888922,0.455572,-1.391016,0.521326,0.107296,1.917599,-0.497196,0.045037,0.150560,0.523600,0.276206,1.803917,-0.872670,0.261800,0.003104,0.003862,0.520000,-0.403513,0.987996,-0.472160,0.414033,0.294386,0.035691,0.127844,-0.173264,-0.922618,0.325597,0.759059,-0.297792,0.057864,-0.102955
0.105427,-2.808820,0.453639,0.010610,-0.048463,-0.885532,0.461922,-1.363069,0.505483,0.131144,1.906361,-0.510552,0.041284,0.166763,0.523600,0.302121,1.774119,-0.872670,0.261800,0.000748,-0.009348,0.520000,-0.370242,0.990346,-0.430234,0.400175,0.309286,0.046831,0.137826,-0.158911,-0.925293,0.308693,0.737095,-0.286867,0.057370,-0.122212
0.103187,-2.816192,0.460539,0.015344,-0.049052,-0.881988,0.468462,-1.337577,0.488280,0.152941,1.893750,-0.522992,0.040505,0.180739,0.523600,0.327591,1.743578,-0.872670,0.261800,-0.000170,-0.020944,0.520000,-0.344434,0.990416,-0.394711,0.390707,0.323774,0.058349,0.147658,-0.144783,-0.927779,0.292509,0.717645,-0.271347,0.056114,-0.140916
0.101667,-2.823110,0.467193,0.019877,-0.049118,-0.878409,0.474963,-1.313617,0.470503,0.171714,1.879653,-0.534170,0.040614,0.189491,0.523600,0.347816,1.710849,-0.852696,0.261800,-0.000052,-0.031420,0.520000,-0.322267,0.987825,-0.362357,0.384354,0.337235,0.069185,0.156844,-0.128999,-0.929546,0.275436,0.698772,-0.254260,0.054091,-0.159616
0.099509,-2.830102,0.474336,0.023518,-0.048484,-0.874963,0.481182,-1.290861,0.453129,0.185751,1.864686,-0.544030,0.039747,0.194178,0.523600,0.361510,1.679976,-0.822679,0.261800,0.001088,-0.039528,0.520000,-0.302770,0.982535,-0.333253,0.381683,0.347523,0.078341,0.165527,-0.112023,-0.930033,0.258223,0.680680,-0.237416,0.051215,-0.178984
0.096568,-2.837048,0.481858,0.026093,-0.047261,-0.871601,0.487233,-1.268435,0.435955,0.195027,1.848848,-0.552802,0.037449,0.195878,0.523600,0.369354,1.650626,-0.783107,0.261800,0.003061,-0.045483,0.520000,-0.285950,0.974556,-0.307455,0.383513,0.354302,0.084758,0.174204,-0.094648,-0.928873,0.242534,0.664191,-0.220123,0.047350,-0.200016
0.093698,-2.843708,0.489324,0.028019,-0.045692,-0.868244,0.493234,-1.246140,0.418649,0.201140,1.832032,-0.560677,0.034915,0.195525,0.523600,0.373363,1.622362,-0.737322,0.261800,0.005652,-0.049986,0.520000,-0.271763,0.964143,-0.284543,0.389133,0.358947,0.089192,0.182791,-0.077965,-0.926106,0.228816,0.649934,-0.202051,0.042497,-0.222174
0.091025,-2.850115,0.496809,0.029387,-0.043583,-0.865012,0.498991,-1.224784,0.402175,0.204226,1.814536,-0.567438,0.032507,0.191549,0.523600,0.371936,1.596900,-0.687176,0.261800,0.008511,-0.052820,0.520000,-0.260651,0.951694,-0.264648,0.398161,0.361481,0.093338,0.190538,-0.063026,-0.921699,0.216175,0.637583,-0.185465,0.036927,-0.243754
0.088405,-2.856261,0.504378,0.030297,-0.040814,-0.862035,0.504293,-1.205015,0.387411,0.204609,1.796686,-0.572863,0.030492,0.183466,0.523600,0.364784,1.575724,-0.635985,0.261800,0.011879,-0.053451,0.520000,-0.250687,0.937821,-0.246800,0.407901,0.362082,0.098914,0.196815,-0.049767,-0.915585,0.202615,0.626451,-0.172649,0.031066,-0.263084
0.085394,-2.862155,0.512048,0.030753,-0.037072,-0.859331,0.509146,-1.187618,0.374829,0.201599,1.778727,-0.576733,0.028953,0.169574,0.523600,0.349887,1.558833,-0.578748,0.261800,0.015718,-0.051551,0.520000,-0.241850,0.922882,-0.230586,0.417933,0.360035,0.106792,0.201259,-0.038192,-0.907507,0.187065,0.616225,-0.164617,0.024785,-0.279232
0.082374,-2.867731,0.519631,0.030754,-0.032459,-0.856886,0.513562,-1.171914,0.364291,0.195493,1.760505,-0.579331,0.027656,0.150712,0.523600,0.328685,1.545581,-0.515155,0.261800,0.020247,-0.047550,0.520000,-0.233639,0.907072,-0.215634,0.428249,0.355476,0.115899,0.204366,-0.028138,-0.897412,0.170429,0.606920,-0.160112,0.018138,-0.293263
0.079534,-2.873204,0.527475,0.030423,-0.027415,-0.854795,0.517347,-1.156606,0.355859,0.188002,1.741752,-0.581180,0.026407,0.128973,0.523600,0.304777,1.536538,-0.453867,0.261800,0.025288,-0.042497,0.520000,-0.226470,0.890781,-0.202347,0.439656,0.349228,0.125072,0.206553,-0.020155,-0.885660,0.154594,0.598309,-0.157838,0.011877,-0.306453
0.076973,-2.878478,0.535450,0.030099,-0.022336,-0.853089,0.520417,-1.140930,0.349269,0.180912,1.722112,-0.582634,0.025123,0.106115,0.523600,0.281746,1.532131,-0.404139,0.261800,0.030587,-0.037488,0.517213,-0.219003,0.874182,-0.191814,0.453057,0.342335,0.133065,0.208108,-0.014854,-0.872652,0.143007,0.591916,-0.156392,0.006684,-0.319816
0.074562,-2.883664,0.543537,0.030641,-0.017517,-0.851774,0.522719,-1.124838,0.343867,0.176353,1.700319,-0.583167,0.024188,0.077112,0.502362,0.247962,1.529674,-0.359778,0.261800,0.036015,-0.032520,0.506151,-0.211213,0.856921,-0.186875,0.471594,0.334841,0.140386,0.208919,-0.014628,-0.858287,0.140158,0.592110,-0.155540,0.002952,-0.333668
0.072250,-2.888695,0.551666,0.030918,-0.012731,-0.850874,0.524305,-1.107922,0.340248,0.171868,1.677532,-0.583115,0.023217,0.046793,0.476273,0.211651,1.531951,-0.321958,0.261800,0.041755,-0.027171,0.495327,-0.203188,0.839404,-0.182674,0.490913,0.326561,0.147564,0.209244,-0.018017,-0.842768,0.139782,0.594218,-0.155953,0.000290,-0.348017
0.070034,-2.893695,0.559913,0.030859,-0.008442,-0.850143,0.525578,-1.089349,0.337223,0.168278,1.653920,-0.582801,0.022418,0.018578,0.451342,0.179183,1.537459,-0.295452,0.261800,0.047140,-0.022178,0.485420,-0.194288,0.822020,-0.178680,0.510454,0.317280,0.153001,0.208912,-0.022732,-0.826476,0.140741,0.596680,-0.157103,-0.001869,-0.361865
0.067913,-2.898591,0.568150,0.030355,-0.005065,-0.849350,0.526932,-1.068347,0.333693,0.166092,1.629706,-0.582566,0.021910,-0.005203,0.432592,0.155256,1.544148,-0.283941,0.261800,0.051434,-0.018055,0.476850,-0.184600,0.805031,-0.175047,0.530574,0.306679,0.155109,0.207794,-0.027459,-0.809745,0.142892,0.598863,-0.158356,-0.004122,-0.374274
0.065805,-2.903543,0.576273,0.029197,-0.002726,-0.848505,0.528374,-1.044450,0.329591,0.165149,1.605101,-0.582706,0.021679,-0.023896,0.422325,0.140871,1.552123,-0.293174,0.261800,0.054695,-0.014634,0.470086,-0.173766,0.788589,-0.171549,0.551000,0.294453,0.153053,0.205285,-0.031731,-0.792763,0.146262,0.600185,-0.158929,-0.006892,-0.385592
0.063783,-2.908390,0.584222,0.027416,-0.001084,-0.847727,0.529723,-1.018338,0.325556,0.164747,1.579991,-0.582989,0.021548,-0.039772,0.417748,0.132615,1.561956,-0.318585,0.261800,0.057188,-0.011418,0.464946,-0.161605,0.772732,-0.167998,0.571374,0.280690,0.147852,0.201486,-0.036011,-0.775553,0.150683,0.600786,-0.159231,-0.009779,-0.396041
0.061833,-2.913145,0.591991,0.025255,0.000151,-0.846939,0.531090,-0.991048,0.321463,0.164542,1.554317,-0.582905,0.021402,-0.054569,0.416880,0.128851,1.572302,-0.349990,0.261800,0.058623,-0.008351,0.460738,-0.148219,0.757351,-0.164575,0.591770,0.265913,0.140687,0.197352,-0.040474,-0.758026,0.155835,0.601340,-0.160407,-0.012151,-0.404534
0.059978,-2.917788,0.599682,0.022972,0.001238,-0.846061,0.532589,-0.963534,0.317115,0.164306,1.527929,-0.581999,0.021158,-0.069732,0.417918,0.128290,1.581872,-0.377592,0.261800,0.058758,-0.005411,0.456748,-0.134023,0.742272,-0.161693,0.612536,0.250651,0.132706,0.193897,-0.045275,-0.740077,0.161345,0.602562,-0.163635,-0.013359,-0.410001
0.058053,-2.922433,0.607368,0.020445,0.002117,-0.844950,0.534450,-0.935751,0.312100,0.163653,1.500924,-0.580183,0.020656,-0.084730,0.424034,0.132826,1.590879,-0.400507,0.261800,0.057036,-0.002522,0.453130,-0.119120,0.727430,-0.159576,0.634300,0.234623,0.123144,0.191611,-0.050290,-0.721596,0.167025,0.604318,-0.169397,-0.013578,-0.411903
0.056279,-2.926980,0.614974,0.017606,0.002698,-0.843682,0.536548,-0.907308,0.306582,0.162744,1.473285,-0.577674,0.019987,-0.098986,0.435055,0.142521,1.599893,-0.423467,0.261800,0.053827,0.000330,0.450087,-0.103487,0.712843,-0.158182,0.656903,0.217750,0.111736,0.189824,-0.055429,-0.702584,0.172977,0.606415,-0.177054,-0.013054,-0.410901
0.054482,-2.931531,0.622617,0.014794,0.003220,-0.842520,0.538452,-0.878696,0.301518,0.162151,1.444735,-0.574387,0.019379,-0.114279,0.443766,0.152927,1.608045,-0.444144,0.261800,0.050293,0.003105,0.446973,-0.087451,0.698431,-0.157570,0.679599,0.200847,0.100369,0.187890,-0.060792,-0.683132,0.179240,0.609390,-0.186066,-0.011236,-0.407710
0.052848,-2.935972,0.630343,0.012349,0.003925,-0.841743,0.539723,-0.850404,0.297795,0.162538,1.414974,-0.570341,0.019059,-0.132663,0.442977,0.159544,1.614380,-0.460073,0.261800,0.047637,0.005799,0.443118,-0.071437,0.684053,-0.157859,0.701737,0.184729,0.090940,0.185250,-0.066439,-0.663404,0.185833,0.613743,-0.195887,-0.007568,-0.403023
0.051261,-2.940241,0.638040,0.010384,0.004802,-0.841483,0.540162,-0.822414,0.295666,0.164418,1.383946,-0.565382,0.019085,-0.155295,0.429817,0.160794,1.619633,-0.470725,0.261800,0.046218,0.008385,0.438333,-0.055488,0.669587,-0.159134,0.723421,0.169023,0.083904,0.181608,-0.072322,-0.643440,0.192732,0.619357,-0.207169,-0.001314,-0.396407
0.049786,-2.944348,0.645759,0.008768,0.005649,-0.841576,0.540038,-0.794380,0.294371,0.167671,1.351687,-0.559624,0.019371,-0.180791,0.408416,0.159596,1.624070,-0.477749,0.261800,0.045384,0.010752,0.432951,-0.039521,0.655034,-0.161410,0.745078,0.153528,0.078285,0.177390,-0.078343,-0.623250,0.199878,0.626007,-0.219941,0.006972,-0.387618
0.048443,-2.948470,0.653519,0.007483,0.006409,-0.841861,0.539605,-0.766422,0.293271,0.172029,1.318423,-0.553182,0.019902,-0.207556,0.381954,0.157925,1.625976,-0.482261,0.261800,0.044837,0.012736,0.427102,-0.023776,0.640456,-0.164688,0.766527,0.139291,0.073813,0.173168,-0.084390,-0.602969,0.207211,0.633937,-0.232699,0.015948,-0.377649
0.047047,-2.952600,0.661247,0.006485,0.007081,-0.842186,0.539102,-0.738695,0.291875,0.177059,1.284320,-0.546253,0.020638,-0.234161,0.353654,0.157385,1.623617,-0.485128,0.261800,0.044301,0.014333,0.420925,-0.008421,0.625895,-0.168903,0.787473,0.127375,0.070192,0.169494,-0.090248,-0.582753,0.214638,0.643260,-0.243857,0.024322,-0.367538
0.045676,-2.956571,0.668766,0.005802,0.007643,-0.842610,0.538438,-0.711094,0.290222,0.182942,1.249202,-0.538822,0.021528,-0.261050,0.322558,0.157546,1.617131,-0.486295,0.261800,0.043875,0.015512,0.414461,0.006642,0.611317,-0.174041,0.807980,0.117889,0.067421,0.167051,-0.095892,-0.562600,0.221888,0.653884,-0.253211,0.032400,-0.356647
0.044296,-2.960487,0.676130,0.005464,0.008001,-0.843163,0.537571,-0.683435,0.288185,0.189905,1.212990,-0.530830,0.022635,-0.288600,0.287533,0.157648,1.607301,-0.485938,0.261800,0.043604,0.016152,0.407709,0.021452,0.596719,-0.180139,0.828173,0.110356,0.065595,0.165399,-0.101297,-0.542492,0.229041,0.665661,-0.261533,0.040665,-0.344734
0.042987,-2.964268,0.683335,0.005349,0.008190,-0.843659,0.536790,-0.655969,0.285408,0.197207,1.176109,-0.522363,0.024006,-0.315423,0.251375,0.158422,1.593225,-0.484759,0.261800,0.043132,0.016370,0.400744,0.035732,0.582245,-0.187205,0.847901,0.104845,0.064569,0.163404,-0.106427,-0.522661,0.236667,0.678744,-0.268577,0.048168,-0.333475
0.041591,-2.968032,0.690311,0.005310,0.008330,-0.843933,0.536358,-0.629035,0.281816,0.203976,1.139028,-0.513524,0.025649,-0.340223,0.216974,0.160433,1.573915,-0.483160,0.261800,0.042146,0.016476,0.393637,0.049326,0.568061,-0.195132,0.866865,0.101416,0.064207,0.159892,-0.111181,-0.503431,0.245324,0.693165,-0.273985,0.053985,-0.324540
0.040095,-2.971701,0.697063,0.005270,0.008542,-0.843975,0.536289,-0.602765,0.277703,0.209943,1.101816,-0.504332,0.027713,-0.363078,0.184900,0.163568,1.548956,-0.480886,0.261800,0.040597,0.016785,0.386469,0.062333,0.554147,-0.203692,0.884997,0.100789,0.064866,0.154511,-0.115457,-0.484964,0.255168,0.709016,-0.277531,0.057793,-0.318533
0.038469,-2.975326,0.703614,0.005271,0.008813,-0.843868,0.536453,-0.577027,0.273230,0.215360,1.064316,-0.494792,0.030091,-0.384564,0.153688,0.166963,1.518814,-0.477703,0.261800,0.038634,0.017290,0.379228,0.074905,0.540444,-0.212898,0.902347,0.102690,0.066464,0.147871,-0.119253,-0.467244,0.265930,0.726081,-0.279298,0.060164,-0.314515
0.036770,-2.978924,0.709955,0.005333,0.009119,-0.843600,0.536868,-0.551888,0.268350,0.220072,1.026689,-0.484942,0.032410,-0.404211,0.123235,0.170006,1.483782,-0.473708,0.261800,0.036332,0.017905,0.371805,0.087003,0.527074,-0.222990,0.918763,0.105684,0.068218,0.140244,-0.122605,-0.450314,0.277519,0.743955,-0.279368,0.061513,-0.311829
0.035048,-2.982511,0.716049,0.005479,0.009429,-0.843158,0.537555,-0.527392,0.263018,0.223926,0.989088,-0.474837,0.034317,-0.421483,0.093415,0.172164,1.444092,-0.469034,0.261800,0.033777,0.018525,0.364115,0.098593,0.514249,-0.234212,0.934045,0.108278,0.069361,0.131878,-0.125442,-0.434210,0.289791,0.762121,-0.277826,0.062243,-0.309803
0.033100,-2.986068,0.721894,0.005758,0.009832,-0.842533,0.538525,-0.503708,0.257293,0.226710,0.951374,-0.464546,0.035961,-0.436525,0.063970,0.172941,1.399281,-0.463642,0.261800,0.030986,0.019209,0.356043,0.109729,0.502113,-0.246772,0.948062,0.110267,0.069707,0.122641,-0.127709,-0.418975,0.302993,0.780684,-0.274060,0.062006,-0.308993
0.031102,-2.989590,0.727452,0.006115,0.010371,-0.841740,0.539748,-0.480803,0.251435,0.228457,0.913620,-0.454048,0.037449,-0.449353,0.035136,0.172370,1.349253,-0.457397,0.261800,0.027997,0.020099,0.347674,0.120467,0.490656,-0.260477,0.960877,0.112329,0.069648,0.112427,-0.129356,-0.404585,0.317079,0.799721,-0.268215,0.060727,-0.309486
0.028964,-2.993145,0.732752,0.006423,0.010952,-0.840802,0.541195,-0.458373,0.245673,0.229422,0.876153,-0.443297,0.038404,-0.459322,0.007565,0.170829,1.294814,-0.450310,0.261800,0.024938,0.021142,0.339195,0.130761,0.479865,-0.274959,0.972630,0.114276,0.069316,0.101543,-0.130472,-0.391013,0.331537,0.818866,-0.261548,0.059215,-0.309910
0.026721,-2.996649,0.737738,0.006566,0.011468,-0.839740,0.542828,-0.436133,0.240195,0.229878,0.839345,-0.432260,0.038465,-0.465891,-0.018143,0.168794,1.236765,-0.442351,0.261800,0.021951,0.022257,0.330801,0.140562,0.469713,-0.289865,0.983416,0.115910,0.068846,0.090294,-0.131041,-0.378215,0.345790,0.837646,-0.255319,0.058299,-0.308906
0.024463,-3.000168,0.742443,0.006615,0.011917,-0.838668,0.544472,-0.413922,0.235117,0.230272,0.802883,-0.420744,0.037848,-0.469271,-0.041976,0.166779,1.174475,-0.432928,0.261800,0.019381,0.023366,0.322426,0.149881,0.460136,-0.305158,0.993256,0.117092,0.068189,0.078414,-0.131210,-0.366222,0.360208,0.856154,-0.249914,0.058420,-0.306281
0.022045,-3.003629,0.746815,0.006610,0.012365,-0.837549,0.546183,-0.391966,0.230448,0.230350,0.766806,-0.408895,0.036695,-0.469623,-0.064213,0.164352,1.107712,-0.422166,0.261800,0.017079,0.024552,0.313983,0.158756,0.451101,-0.320961,1.002092,0.117957,0.067301,0.065866,-0.130924,-0.355034,0.374953,0.874558,-0.244635,0.059078,-0.302711
0.019397,-3.007129,0.750938,0.006399,0.012793,-0.836175,0.548276,-0.370479,0.226167,0.229376,0.731810,-0.397094,0.034557,-0.466325,-0.084789,0.160814,1.037748,-0.411056,0.261800,0.014478,0.025921,0.305632,0.167149,0.442675,-0.337155,1.009934,0.118741,0.066332,0.053294,-0.129911,-0.344569,0.389101,0.892541,-0.239155,0.059699,-0.298146
0.016652,-3.010563,0.754738,0.005832,0.013181,-0.834339,0.551063,-0.349562,0.222217,0.226671,0.698396,-0.385618,0.030990,-0.458681,-0.103620,0.155679,0.965618,-0.400437,0.261800,0.011063,0.027555,0.297549,0.175030,0.435001,-0.353651,1.016741,0.119656,0.065427,0.041323,-0.127849,-0.334691,0.401687,0.909718,-0.233138,0.059713,-0.292537
0.013638,-3.014070,0.758159,0.004743,0.013522,-0.832009,0.554577,-0.328785,0.218767,0.222184,0.666380,-0.374445,0.025853,-0.445547,-0.120249,0.149402,0.889363,-0.390133,0.261800,0.006731,0.029593,0.289962,0.182718,0.428121,-0.370170,1.022135,0.121151,0.064802,0.029947,-0.124659,-0.325347,0.412575,0.926132,-0.226513,0.058694,-0.285297
0.010677,-3.017533,0.761195,0.003296,0.013781,-0.829279,0.558655,-0.308127,0.215717,0.216378,0.635455,-0.363444,0.019445,-0.427447,-0.134998,0.142649,0.808677,-0.379514,0.261800,0.001777,0.031782,0.282728,0.190205,0.422046,-0.386813,1.026145,0.122966,0.064313,0.018872,-0.120517,-0.316539,0.422231,0.941919,-0.219465,0.057062,-0.276650
0.007302,-3.021057,0.763834,0.001847,0.013871,-0.826118,0.563323,-0.288335,0.212542,0.209341,0.605850,-0.352641,0.012026,-0.406302,-0.148992,0.135245,0.727202,-0.368636,0.261800,-0.003711,0.033542,0.275453,0.196975,0.416910,-0.404069,1.029377,0.124225,0.063587,0.008300,-0.115488,-0.308222,0.430525,0.956868,-0.212115,0.055506,-0.267746
0.003923,-3.024529,0.766097,0.000735,0.013728,-0.822494,0.568607,-0.270150,0.208772,0.201125,0.577801,-0.342070,0.003761,-0.384020,-0.163219,0.126752,0.648633,-0.357740,0.261800,-0.009579,0.034345,0.267740,0.202485,0.412918,-0.422506,1.032403,0.124009,0.062272,-0.001588,-0.109592,-0.300324,0.437266,0.970727,-0.204602,0.054691,-0.259741
0.000280,-3.027966,0.768008,-0.000061,0.013347,-0.818326,0.574600,-0.253399,0.204386,0.191699,0.550863,-0.331385,-0.005962,-0.360015,-0.177485,0.117319,0.571779,-0.346449,0.261800,-0.016024,0.034202,0.259472,0.206713,0.410263,-0.442794,1.035254,0.121329,0.060086,-0.010701,-0.102612,-0.292768,0.442011,0.983390,-0.197003,0.054855,-0.252835
-0.003469,-3.031324,0.769531,-0.000650,0.012690,-0.813625,0.581251,-0.237659,0.199431,0.181113,0.524838,-0.320610,-0.017022,-0.333485,-0.191487,0.107273,0.494869,-0.334524,0.261800,-0.022966,0.033154,0.250894,0.210000,0.408977,-0.464531,1.037475,0.116854,0.057318,-0.019206,-0.094527,-0.285534,0.444872,0.994892,-0.189277,0.055608,-0.246459
-0.007261,-3.034591,0.770680,-0.000859,0.011707,-0.808509,0.588366,-0.223349,0.193639,0.169507,0.500356,-0.310236,-0.028210,-0.306199,-0.205707,0.096071,0.421106,-0.322552,0.261800,-0.029920,0.030800,0.242110,0.212336,0.408960,-0.486595,1.038929,0.112161,0.054470,-0.027305,-0.085799,-0.278666,0.446613,1.005300,-0.181402,0.056654,-0.240635
-0.011078,-3.037723,0.771367,-0.000538,0.010408,-0.803109,0.595741,-0.211049,0.186914,0.156984,0.478264,-0.300791,-0.038371,-0.280257,-0.220373,0.083028,0.354425,-0.311440,0.261800,-0.036447,0.026881,0.233192,0.213677,0.410032,-0.507793,1.039519,0.108890,0.052019,-0.035164,-0.076963,-0.272254,0.448079,1.014771,-0.173337,0.057699,-0.235374
-0.015015,-3.040852,0.771782,0.000530,0.008742,-0.797287,0.603537,-0.201390,0.178746,0.143255,0.458971,-0.292361,-0.047101,-0.256094,-0.236425,0.066715,0.295665,-0.302648,0.261800,-0.043013,0.020991,0.223782,0.213521,0.412202,-0.528773,1.039583,0.107172,0.050057,-0.042956,-0.068126,-0.266317,0.449387,1.023373,-0.164816,0.058831,-0.230722
-0.019020,-3.043754,0.771994,0.002168,0.006830,-0.791021,0.611746,-0.194014,0.169596,0.128368,0.442078,-0.284640,-0.055177,-0.232949,-0.252883,0.047678,0.243269,-0.295565,0.261800,-0.049672,0.013635,0.213882,0.212005,0.415450,-0.549854,1.039042,0.106265,0.048322,-0.050539,-0.059052,-0.260858,0.450171,1.031017,-0.155940,0.060140,-0.226654
-0.023104,-3.046494,0.771857,0.003919,0.004981,-0.784639,0.619921,-0.188002,0.160870,0.112960,0.427155,-0.277710,-0.063194,-0.211034,-0.267272,0.028462,0.197309,-0.287961,0.261800,-0.055434,0.006041,0.204127,0.209933,0.419472,-0.569282,1.037262,0.106540,0.046746,-0.057568,-0.049819,-0.255967,0.450682,1.037650,-0.147160,0.061347,-0.223076
-0.027242,-3.049449,0.771442,0.005350,0.003466,-0.778482,0.627635,-0.182420,0.153867,0.097707,0.413694,-0.271646,-0.071691,-0.190512,-0.277571,0.011966,0.157600,-0.277359,0.261800,-0.059461,-0.000664,0.195171,0.208074,0.423814,-0.585135,1.033748,0.108427,0.045238,-0.063664,-0.040638,-0.251787,0.451359,1.043357,-0.138899,0.062176,-0.219887
-0.031289,-3.052216,0.770876,0.006312,0.002586,-0.772579,0.634882,-0.177736,0.149325,0.082366,0.402097,-0.266665,-0.080853,-0.176748,-0.282930,-0.000097,0.134967,-0.267926,0.261800,-0.061764,-0.005786,0.186973,0.206284,0.428163,-0.596894,1.028381,0.113408,0.043886,-0.069136,-0.031548,-0.248413,0.451783,1.048062,-0.131359,0.062616,-0.217091
-0.035256,-3.054914,0.770622,0.006999,0.002190,-0.766788,0.641859,-0.174320,0.146556,0.066737,0.392568,-0.262753,-0.090401,-0.171537,-0.284833,-0.008157,0.132885,-0.263056,0.261800,-0.062814,-0.009823,0.179236,0.203962,0.432427,-0.605559,1.021848,0.120868,0.042651,-0.073976,-0.022501,-0.245877,0.452043,1.051818,-0.124248,0.062789,-0.214712
-0.039260,-3.057635,0.770371,0.007524,0.001808,-0.761209,0.648461,-0.171103,0.144612,0.051557,0.384319,-0.259684,-0.100119,-0.165349,-0.284777,-0.013786,0.131461,-0.254445,0.261800,-0.062501,-0.013585,0.172255,0.201230,0.436481,-0.611399,1.014866,0.128148,0.041290,-0.077331,-0.013673,-0.244249,0.453359,1.054977,-0.117230,0.062629,-0.212679
-0.043359,-3.060374,0.769919,0.007983,0.000999,-0.755944,0.654587,-0.167035,0.142631,0.037519,0.376598,-0.257240,-0.109801,-0.158196,-0.284040,-0.015949,0.130452,-0.244069,0.261800,-0.060804,-0.017820,0.166327,0.198307,0.440181,-0.614596,1.008113,0.132600,0.039587,-0.078358,-0.005291,-0.243598,0.457022,1.057896,-0.109943,0.062070,-0.210923
-0.047390,-3.063052,0.769285,0.008476,-0.000513,-0.751089,0.660147,-0.161597,0.140230,0.025140,0.369132,-0.255684,-0.119660,-0.149781,-0.282135,-0.011821,0.129929,-0.231199,0.261800,-0.057371,-0.023171,0.161503,0.195211,0.443506,-0.615192,1.001895,0.133223,0.037329,-0.076854,0.002639,-0.243977,0.463089,1.060418,-0.102159,0.061376,-0.209644
-0.051433,-3.065731,0.768380,0.008888,-0.002448,-0.746568,0.665246,-0.155435,0.137920,0.013913,0.362408,-0.255107,-0.129701,-0.140105,-0.278611,-0.002966,0.129987,-0.215266,0.261800,-0.052415,-0.029058,0.157676,0.191879,0.446429,-0.613064,0.995915,0.131556,0.034686,-0.073250,0.010146,-0.245393,0.470975,1.062464,-0.094108,0.060484,-0.208798
-0.055268,-3.068364,0.767469,0.009038,-0.004441,-0.742229,0.670071,-0.149202,0.136120,0.003025,0.356712,-0.254932,-0.139411,-0.129569,-0.274798,0.005157,0.130230,-0.198443,0.261800,-0.046764,-0.034474,0.154855,0.188396,0.448733,-0.608105,0.990051,0.128784,0.032022,-0.067641,0.016891,-0.247854,0.481071,1.064676,-0.086051,0.058842,-0.207975
-0.058780,-3.071120,0.766695,0.008761,-0.006122,-0.737926,0.674797,-0.143523,0.135235,-0.008317,0.352220,-0.254478,-0.148301,-0.118915,-0.272045,0.007297,0.130633,-0.182963,0.261800,-0.041258,-0.038408,0.152980,0.184816,0.450066,-0.600152,0.984343,0.126126,0.029695,-0.060095,0.022471,-0.251384,0.493804,1.067787,-0.078279,0.055907,-0.206757
-0.062121,-3.073860,0.766140,0.008024,-0.007529,-0.733675,0.679411,-0.138281,0.135174,-0.020250,0.348942,-0.253406,-0.156440,-0.109306,-0.271275,0.001569,0.133586,-0.169634,0.261800,-0.035650,-0.040686,0.152343,0.180755,0.450137,-0.588857,0.979124,0.123545,0.027907,-0.051035,0.026628,-0.256046,0.509543,1.072036,-0.070387,0.051465,-0.205465
-0.065432,-3.076367,0.765791,0.006939,-0.008853,-0.729542,0.683844,-0.133197,0.135670,-0.032352,0.346738,-0.252065,-0.164048,-0.107473,-0.271666,-0.006995,0.153534,-0.165225,0.261800,-0.029678,-0.041781,0.152778,0.176355,0.448853,-0.574326,0.974705,0.120590,0.026377,-0.040205,0.029450,-0.261843,0.528032,1.077128,-0.062358,0.045840,-0.204176
-0.068484,-3.078848,0.765580,0.005556,-0.009922,-0.725442,0.688190,-0.128646,0.136885,-0.044593,0.345551,-0.250759,-0.170861,-0.105175,-0.272178,-0.017794,0.173017,-0.161924,0.261800,-0.024100,-0.041602,0.153541,0.172337,0.446175,-0.557175,0.971112,0.117806,0.024761,-0.026662,0.031160,-0.268638,0.548716,1.082915,-0.055043,0.039317,-0.202130
-0.071459,-3.081067,0.765543,0.003904,-0.010539,-0.721290,0.692542,-0.125065,0.139031,-0.056963,0.345428,-0.249836,-0.176635,-0.101963,-0.271390,-0.028125,0.190451,-0.160415,0.261800,-0.019665,-0.040093,0.153911,0.169216,0.442097,-0.538091,0.968397,0.115736,0.022734,-0.009489,0.031997,-0.276239,0.571021,1.089326,-0.049328,0.032173,-0.198582
-0.074273,-3.083388,0.765718,0.001751,-0.010381,-0.716943,0.697053,-0.123223,0.142712,-0.070442,0.347343,-0.249909,-0.180868,-0.098059,-0.268374,-0.037738,0.206688,-0.161975,0.261800,-0.016777,-0.036437,0.153825,0.166610,0.436553,-0.516797,0.966802,0.114789,0.020098,0.011592,0.031775,-0.284583,0.595984,1.097143,-0.045016,0.023426,-0.193669
-0.076836,-3.085766,0.765860,-0.000835,-0.009649,-0.712469,0.701637,-0.122712,0.147593,-0.084756,0.350979,-0.250580,-0.183861,-0.093828,-0.263995,-0.047826,0.222663,-0.166205,0.261800,-0.014971,-0.030917,0.153627,0.164306,0.429534,-0.493050,0.966382,0.114637,0.017079,0.036079,0.030398,-0.293629,0.623589,1.106226,-0.041758,0.013285,-0.187695
-0.079336,-3.088276,0.766100,-0.003397,-0.008873,-0.708123,0.706026,-0.122226,0.152604,-0.098017,0.354537,-0.250791,-0.186566,-0.088720,-0.259440,-0.057967,0.236405,-0.171064,0.261800,-0.013580,-0.025109,0.153220,0.162769,0.421180,-0.467815,0.966868,0.114664,0.013998,0.063692,0.028320,-0.303210,0.651577,1.115175,-0.040204,0.003761,-0.180201
-0.081989,-3.090656,0.766417,-0.005466,-0.008588,-0.704180,0.709948,-0.120355,0.156771,-0.108275,0.356010,-0.249376,-0.189942,-0.082334,-0.255858,-0.067669,0.246185,-0.174616,0.261800,-0.011812,-0.020649,0.152492,0.162254,0.411694,-0.442308,0.967933,0.114152,0.011153,0.094141,0.026108,-0.313127,0.677453,1.122553,-0.041118,-0.003140,-0.170755
-0.084537,-3.092972,0.766834,-0.007026,-0.008954,-0.700747,0.713319,-0.116728,0.159910,-0.115734,0.355285,-0.246275,-0.194498,-0.074074,-0.253270,-0.076966,0.251027,-0.176543,0.261800,-0.009152,-0.017984,0.151516,0.162781,0.401007,-0.416057,0.969626,0.113453,0.008155,0.129596,0.024236,-0.323288,0.700508,1.128103,-0.045997,-0.006929,-0.158647
-0.086987,-3.095404,0.767240,-0.008309,-0.009642,-0.697689,0.716287,-0.112037,0.162631,-0.121156,0.353104,-0.241918,-0.199656,-0.064432,-0.251062,-0.086071,0.252181,-0.177838,0.261800,-0.006003,-0.016284,0.150285,0.163710,0.389019,-0.388958,0.972127,0.112742,0.005018,0.169449,0.022390,-0.333728,0.721936,1.132649,-0.054090,-0.008787,-0.144343
-0.089385,-3.097839,0.767687,-0.009176,-0.010497,-0.694941,0.718932,-0.106879,0.165062,-0.123541,0.349655,-0.236387,-0.204691,-0.054796,-0.249519,-0.094561,0.251659,-0.178864,0.261800,-0.002943,-0.015285,0.148587,0.164432,0.376030,-0.362833,0.975111,0.110888,0.002565,0.209250,0.019963,-0.344463,0.742050,1.136352,-0.062836,-0.009178,-0.129156
-0.091556,-3.100125,0.768152,-0.009511,-0.011353,-0.692427,0.721336,-0.101784,0.167297,-0.121873,0.345003,-0.229680,-0.208870,-0.046570,-0.248899,-0.102070,0.251494,-0.180007,0.261800,-0.000422,-0.014772,0.146277,0.164687,0.362668,-0.339521,0.977931,0.106626,0.001531,0.244536,0.016400,-0.355479,0.761046,1.139226,-0.069682,-0.008465,-0.114390
-0.093555,-3.102191,0.768763,-0.009110,-0.012252,-0.690222,0.723436,-0.096750,0.169177,-0.115191,0.338787,-0.221324,-0.212081,-0.040505,-0.249552,-0.108189,0.252474,-0.181604,0.261800,0.001856,-0.015229,0.143215,0.165138,0.349295,-0.318762,0.979656,0.098481,0.002074,0.275789,0.011526,-0.366763,0.779586,1.141114,-0.073596,-0.006208,-0.099232
-0.095562,-3.104273,0.769377,-0.008090,-0.013252,-0.688341,0.725221,-0.091506,0.170650,-0.104254,0.331033,-0.211422,-0.214682,-0.035776,-0.251233,-0.113236,0.253434,-0.183337,0.261800,0.004050,-0.016744,0.139607,0.166020,0.335952,-0.299775,0.980319,0.087294,0.003636,0.304792,0.005700,-0.378277,0.797340,1.141872,-0.076121,-0.002345,-0.083342
-0.097460,-3.106312,0.770180,-0.006805,-0.014222,-0.686617,0.726848,-0.086290,0.171985,-0.090643,0.322635,-0.200971,-0.216644,-0.031452,-0.253281,-0.117943,0.253622,-0.184742,0.261800,0.005573,-0.018497,0.135864,0.166715,0.322943,-0.283615,0.980578,0.075259,0.005967,0.329027,-0.000816,-0.389938,0.812884,1.141499,-0.078597,0.002240,-0.068727
-0.099409,-3.108358,0.771060,-0.005657,-0.014966,-0.684909,0.728453,-0.081417,0.173726,-0.075949,0.314603,-0.191031,-0.218020,-0.026513,-0.254469,-0.122945,0.251924,-0.185156,0.259246,0.006023,-0.019557,0.132366,0.166651,0.310768,-0.271475,0.981054,0.064531,0.008998,0.345927,-0.007629,-0.401649,0.824635,1.139944,-0.082342,0.006630,-0.057390
-0.101306,-3.110345,0.771891,-0.004694,-0.015349,-0.683274,0.729985,-0.077186,0.176232,-0.059772,0.307393,-0.181766,-0.218725,-0.020867,-0.254522,-0.128276,0.247737,-0.184162,0.255572,0.005496,-0.019692,0.129021,0.166052,0.299806,-0.263954,0.981491,0.053609,0.013101,0.354298,-0.014690,-0.413352,0.831973,1.137120,-0.088137,0.010972,-0.049211
-0.103004,-3.112148,0.772716,-0.003680,-0.015567,-0.681726,0.731433,-0.073158,0.178882,-0.041504,0.300121,-0.172505,-0.218710,-0.015064,-0.254319,-0.133668,0.242030,-0.182393,0.251473,0.004244,-0.019723,0.125746,0.165326,0.290130,-0.260488,0.981504,0.041903,0.018389,0.355622,-0.021974,-0.425037,0.835595,1.132985,-0.095162,0.015618,-0.043327
-0.104554,-3.113871,0.773603,-0.002717,-0.015716,-0.680162,0.732888,-0.069227,0.181549,-0.022453,0.292955,-0.163672,-0.218235,-0.008826,-0.253914,-0.139413,0.235179,-0.180141,0.247619,0.002324,-0.019616,0.122793,0.164231,0.281749,-0.260418,0.981501,0.033023,0.024493,0.351316,-0.029154,-0.436662,0.835898,1.127587,-0.102324,0.019976,-0.040634
-0.105955,-3.115407,0.774425,-0.001936,-0.015863,-0.678480,0.734445,-0.065251,0.184108,-0.003931,0.285968,-0.155663,-0.217565,-0.001723,-0.253394,-0.145826,0.227289,-0.177611,0.244675,-0.000205,-0.019337,0.120405,0.162478,0.274634,-0.263111,0.981924,0.030573,0.030965,0.342750,-0.035943,-0.448188,0.833290,1.121060,-0.108515,0.023468,-0.042051
-0.107321,-3.116932,0.775176,-0.001331,-0.016020,-0.676617,0.736160,-0.061257,0.186513,0.013959,0.279095,-0.148473,-0.216727,0.006560,-0.252782,-0.153271,0.217854,-0.174569,0.242907,-0.003611,-0.018830,0.118570,0.160010,0.268813,-0.268951,0.982834,0.036259,0.038116,0.328317,-0.042330,-0.459576,0.827395,1.113508,-0.113893,0.025975,-0.048348
-0.108715,-3.118615,0.775760,-0.000847,-0.016154,-0.674638,0.737972,-0.057276,0.188822,0.031842,0.272284,-0.141919,-0.215605,0.015784,-0.252012,-0.161487,0.206886,-0.170935,0.241911,-0.007820,-0.018155,0.117141,0.156999,0.264281,-0.278136,0.984087,0.048010,0.045865,0.307829,-0.048394,-0.470823,0.818170,1.104978,-0.118842,0.027851,-0.058873
-0.110028,-3.120088,0.776292,-0.000515,-0.016288,-0.672632,0.739798,-0.053233,0.191102,0.049495,0.265711,-0.136135,-0.214222,0.025384,-0.251039,-0.169804,0.195509,-0.167216,0.241342,-0.012317,-0.017395,0.116176,0.153553,0.260880,-0.289648,0.985724,0.063764,0.053103,0.284777,-0.053933,-0.481890,0.806431,1.095405,-0.122692,0.029184,-0.072416
-0.111150,-3.121361,0.776685,-0.000358,-0.016454,-0.670688,0.741557,-0.049061,0.193411,0.066676,0.259549,-0.131260,-0.212640,0.034877,-0.249831,-0.177582,0.184705,-0.163862,0.240869,-0.016698,-0.016611,0.115722,0.149787,0.258360,-0.302346,0.987816,0.081427,0.058864,0.262719,-0.058900,-0.492705,0.793185,1.084771,-0.124702,0.030099,-0.087768
-0.112299,-3.122851,0.776997,-0.000352,-0.016699,-0.668767,0.743284,-0.044772,0.195689,0.083643,0.253839,-0.127322,-0.210747,0.044337,-0.248457,-0.184798,0.174431,-0.160865,0.240594,-0.021260,-0.015780,0.115792,0.145571,0.256618,-0.316626,0.990859,0.102964,0.062155,0.241540,-0.063420,-0.503178,0.778000,1.073035,-0.125009,0.030715,-0.105312
-0.113353,-3.124196,0.777250,-0.000500,-0.016986,-0.666846,0.745002,-0.040341,0.197917,0.100431,0.248388,-0.124239,-0.208567,0.053910,-0.246916,-0.191727,0.164338,-0.158076,0.240629,-0.026138,-0.014861,0.116309,0.140860,0.255644,-0.332822,0.994775,0.128626,0.063497,0.219753,-0.067537,-0.513260,0.760653,1.060427,-0.123882,0.030893,-0.125468
-0.114337,-3.125326,0.777523,-0.000806,-0.017279,-0.665030,0.746616,-0.035778,0.200230,0.116446,0.243248,-0.121966,-0.206316,0.063370,-0.245111,-0.198192,0.154614,-0.155502,0.240686,-0.030789,-0.013869,0.117204,0.135905,0.255285,-0.349570,0.998754,0.153749,0.064530,0.198902,-0.071268,-0.522951,0.742560,1.047469,-0.120826,0.030255,-0.147086
-0.115247,-3.126530,0.777710,-0.001275,-0.017546,-0.663430,0.748031,-0.030947,0.202759,0.131115,0.238215,-0.120421,-0.204221,0.072557,-0.242829,-0.204056,0.145277,-0.153114,0.240471,-0.034826,-0.012791,0.118420,0.131017,0.255294,-0.365335,1.001983,0.173796,0.067137,0.180467,-0.074826,-0.532250,0.725386,1.034792,-0.115298,0.028395,-0.169023
-0.116170,-3.127801,0.777746,-0.001986,-0.017768,-0.662084,0.749216,-0.025763,0.205734,0.144702,0.233408,-0.119973,-0.202171,0.081342,-0.240007,-0.209190,0.136762,-0.151072,0.239897,-0.038311,-0.011415,0.120027,0.126134,0.255476,-0.379941,1.004336,0.187927,0.072640,0.164001,-0.078487,-0.541146,0.709512,1.022381,-0.106669,0.025062,-0.191667
-0.117006,-3.128945,0.777761,-0.002909,-0.017968,-0.660933,0.750224,-0.020300,0.209020,0.157378,0.228867,-0.120545,-0.200108,0.090008,-0.236688,-0.213738,0.128534,-0.149159,0.239122,-0.041555,-0.009775,0.121998,0.121090,0.255785,-0.393962,1.006364,0.198585,0.079993,0.148997,-0.082317,-0.549612,0.694344,1.010190,-0.095401,0.020346,-0.215376
-0.117819,-3.129990,0.777713,-0.003846,-0.018190,-0.659948,0.751081,-0.014765,0.212148,0.168467,0.224336,-0.121364,-0.198325,0.097074,-0.233607,-0.217429,0.123299,-0.148804,0.238271,-0.044510,-0.008251,0.124121,0.116069,0.256203,-0.406961,1.008217,0.206165,0.087676,0.136837,-0.086060,-0.557564,0.679874,0.998593,-0.082712,0.014412,-0.238962
-0.118589,-3.131116,0.777561,-0.004668,-0.018424,-0.659095,0.751819,-0.009337,0.214751,0.177256,0.219477,-0.121613,-0.197114,0.101797,-0.231213,-0.220227,0.122265,-0.150660,0.237452,-0.047217,-0.007133,0.126195,0.111309,0.256742,-0.418412,1.010008,0.211018,0.094158,0.128935,-0.089673,-0.564873,0.666299,0.988162,-0.069702,0.007491,-0.261258
-0.119264,-3.132113,0.777497,-0.005411,-0.018696,-0.658374,0.752439,-0.004052,0.216846,0.183066,0.214353,-0.121130,-0.196439,0.106128,-0.228991,-0.222577,0.121460,-0.152649,0.236605,-0.049766,-0.006461,0.128338,0.106844,0.257411,-0.427888,1.011792,0.212086,0.099780,0.127019,-0.093491,-0.571446,0.654409,0.979248,-0.055417,-0.001186,-0.282738
-0.119946,-3.133082,0.777445,-0.006149,-0.018979,-0.657799,0.752930,0.001183,0.218665,0.186414,0.209059,-0.120323,-0.196180,0.110236,-0.226798,-0.224482,0.120737,-0.154703,0.235703,-0.052212,-0.006067,0.130589,0.102588,0.258218,-0.435662,1.013509,0.209505,0.105190,0.129952,-0.097718,-0.577220,0.644070,0.971753,-0.039699,-0.011536,-0.303731
-0.120741,-3.134110,0.777353,-0.006826,-0.019209,-0.657332,0.753325,0.006384,0.220277,0.188301,0.203266,-0.119163,-0.196492,0.113905,-0.224699,-0.226026,0.120161,-0.156777,0.234844,-0.054524,-0.005774,0.132690,0.098582,0.259168,-0.442315,1.015051,0.205405,0.109278,0.134831,-0.101822,-0.582052,0.633724,0.965331,-0.024981,-0.021864,-0.322908
-0.121395,-3.135181,0.777239,-0.007395,-0.019306,-0.656939,0.753660,0.011600,0.221744,0.189735,0.196621,-0.117643,-0.197547,0.116762,-0.222750,-0.227272,0.120181,-0.159062,0.234119,-0.056576,-0.005413,0.134389,0.094797,0.260281,-0.448538,1.016364,0.201930,0.110954,0.138727,-0.105277,-0.585795,0.621796,0.959708,-0.013540,-0.030352,-0.339022
-0.121964,-3.136125,0.777044,-0.007851,-0.019226,-0.656594,0.753958,0.016893,0.223117,0.190426,0.188684,-0.115639,-0.199761,0.119022,-0.220837,-0.228299,0.120186,-0.161256,0.233562,-0.058319,-0.004862,0.135608,0.091206,0.261597,-0.454554,1.017654,0.199672,0.109191,0.141302,-0.107935,-0.588317,0.607467,0.954927,-0.006571,-0.036576,-0.351564
-0.122451,-3.137086,0.776922,-0.008234,-0.018997,-0.656321,0.754198,0.022237,0.224366,0.190018,0.179691,-0.113161,-0.202935,0.120772,-0.218932,-0.229068,0.120181,-0.163380,0.233109,-0.059703,-0.004253,0.136477,0.087753,0.263153,-0.460126,1.018929,0.197457,0.104820,0.143960,-0.110118,-0.589609,0.591601,0.951228,-0.002594,-0.041327,-0.361341
-0.122895,-3.137780,0.776796,-0.008511,-0.018712,-0.656157,0.754344,0.027485,0.225428,0.189418,0.170384,-0.110381,-0.206313,0.122097,-0.217198,-0.229577,0.120167,-0.165348,0.232713,-0.060785,-0.003736,0.137054,0.084482,0.264860,-0.465079,1.019760,0.194850,0.099560,0.146358,-0.111995,-0.589651,0.575197,0.948521,0.000053,-0.044563,-0.369117
-0.123216,-3.138451,0.776680,-0.008647,-0.018471,-0.656140,0.754364,0.032601,0.226193,0.189557,0.161347,-0.107447,-0.209123,0.123084,-0.215806,-0.229826,0.120191,-0.167131,0.232322,-0.061203,-0.003559,0.137463,0.081194,0.266820,-0.469695,1.019767,0.191275,0.095152,0.148167,-0.113239,-0.588531,0.558653,0.946388,0.002905,-0.046287,-0.375622
-0.123608,-3.139248,0.776589,-0.008608,-0.018290,-0.656287,0.754240,0.037568,0.226590,0.190620,0.152669,-0.104210,-0.211173,0.123707,-0.214849,-0.229871,0.120209,-0.168648,0.231947,-0.061207,-0.003684,0.137653,0.078027,0.268898,-0.473577,1.018652,0.186156,0.091874,0.149065,-0.114031,-0.586109,0.541740,0.944828,0.005891,-0.045891,-0.380722
-0.123943,-3.139953,0.776549,-0.008438,-0.018109,-0.656578,0.753994,0.042738,0.226626,0.192200,0.143416,-0.100341,-0.212852,0.123939,-0.214222,-0.229693,0.120235,-0.169960,0.231604,-0.060772,-0.004035,0.137586,0.074934,0.271097,-0.476841,1.016771,0.179915,0.088868,0.149315,-0.114513,-0.582325,0.524294,0.944087,0.008339,-0.043562,-0.384150
-0.124206,-3.140578,0.776514,-0.008300,-0.017804,-0.656963,0.753667,0.045464,0.227316,0.193515,0.139093,-0.098996,-0.214297,0.123859,-0.213408,-0.229282,0.120253,-0.171122,0.231208,-0.060064,-0.004259,0.137293,0.071968,0.273408,-0.479583,1.014518,0.173713,0.086128,0.149444,-0.115165,-0.577397,0.507972,0.944490,0.011115,-0.040510,-0.386448
-0.124368,-3.141201,0.776443,-0.008246,-0.017392,-0.657418,0.753280,0.046392,0.228613,0.194650,0.138470,-0.099770,-0.215589,0.123595,-0.212271,-0.228542,0.120249,-0.172204,0.230707,-0.059244,-0.004396,0.136866,0.069258,0.275795,-0.481776,1.012228,0.168772,0.083633,0.149981,-0.116371,-0.571709,0.494446,0.946220,0.015068,-0.037938,-0.388155
-0.124524,-3.141784,0.776322,-0.008255,-0.016901,-0.657967,0.752812,0.047166,0.230122,0.196035,0.138176,-0.101003,-0.216637,0.123124,-0.210935,-0.227296,0.120246,-0.173200,0.230102,-0.058323,-0.004476,0.136362,0.066914,0.278193,-0.483212,1.009792,0.165727,0.081542,0.151078,-0.118018,-0.565491,0.484018,0.949082,0.021053,-0.035876,-0.389400
-0.124627,-3.142241,0.776239,-0.008270,-0.016364,-0.658619,0.752253,0.047935,0.231680,0.197749,0.137900,-0.102394,-0.217413,0.122413,-0.209511,-0.225621,0.120249,-0.174098,0.229420,-0.057251,-0.004538,0.135774,0.064847,0.280570,-0.483899,1.007085,0.163859,0.079801,0.152456,-0.119849,-0.558798,0.475895,0.952784,0.028501,-0.033751,-0.389887
-0.124758,-3.142683,0.776226,-0.008289,-0.015822,-0.659341,0.751632,0.048698,0.233222,0.199728,0.137709,-0.103840,-0.218081,0.121589,-0.208131,-0.223729,0.120254,-0.174916,0.228688,-0.056035,-0.004650,0.135168,0.062865,0.282940,-0.484184,1.004374,0.162332,0.078074,0.153993,-0.121727,-0.551729,0.469871,0.957036,0.036054,-0.031854,-0.389508
-0.124841,-3.143279,0.776171,-0.008298,-0.015332,-0.660099,0.750976,0.049544,0.234648,0.201931,0.137503,-0.105160,-0.218803,0.120756,-0.206891,-0.221827,0.120265,-0.175678,0.227935,-0.054698,-0.004908,0.134612,0.060783,0.285342,-0.484404,1.001912,0.160302,0.076028,0.155559,-0.123612,-0.544436,0.465876,0.961621,0.042469,-0.030478,-0.388143
-0.124810,-3.143760,0.776128,-0.008265,-0.014877,-0.660896,0.750284,0.050509,0.235927,0.204489,0.137063,-0.106168,-0.219614,0.119841,-0.205809,-0.219942,0.120289,-0.176399,0.227114,-0.053179,-0.005292,0.134050,0.058478,0.287824,-0.484806,0.999745,0.157599,0.073614,0.157145,-0.125268,-0.537014,0.463852,0.966404,0.047953,-0.029948,-0.385684
-0.124906,-3.144229,0.776030,-0.008214,-0.014430,-0.661744,0.749546,0.051483,0.237114,0.207366,0.136622,-0.107070,-0.220434,0.118819,-0.204839,-0.217972,0.120318,-0.177063,0.226232,-0.051445,-0.005755,0.133501,0.056065,0.290387,-0.485207,0.997691,0.154636,0.070999,0.158798,-0.126584,-0.529503,0.463727,0.971310,0.052996,-0.029999,-0.382184
-0.124937,-3.144620,0.775918,-0.008202,-0.014047,-0.662629,0.748771,0.052631,0.238231,0.210331,0.136190,-0.107981,-0.221250,0.117882,-0.203947,-0.215934,0.120356,-0.177661,0.225376,-0.049571,-0.006277,0.133173,0.053749,0.292985,-0.485259,0.995625,0.151474,0.068154,0.160466,-0.127678,-0.521957,0.465401,0.976171,0.056781,-0.030053,-0.377771
-0.124800,-3.144842,0.775825,-0.008295,-0.013777,-0.663536,0.747972,0.054074,0.239292,0.213141,0.135825,-0.109027,-0.222045,0.117236,-0.203099,-0.213853,0.120386,-0.178178,0.224645,-0.047643,-0.006839,0.133261,0.051703,0.295542,-0.484608,0.993475,0.148179,0.065051,0.162098,-0.128695,-0.514443,0.468791,0.980831,0.058494,-0.029535,-0.372574
-0.124664,-3.145092,0.775733,-0.008570,-0.013686,-0.664471,0.747140,0.056015,0.240335,0.215746,0.135608,-0.110319,-0.222812,0.117110,-0.202260,-0.211788,0.120411,-0.178608,0.224034,-0.045623,-0.007407,0.134022,0.049968,0.297999,-0.482977,0.991178,0.144614,0.061387,0.163652,-0.129568,-0.507023,0.474134,0.985128,0.057732,-0.028203,-0.366524
-0.124440,-3.145446,0.775656,-0.008967,-0.013738,-0.665438,0.746273,0.058320,0.241326,0.218272,0.135500,-0.111764,-0.223557,0.117324,-0.201476,-0.209700,0.120448,-0.178961,0.223504,-0.043503,-0.007975,0.135269,0.048440,0.300337,-0.480584,0.988842,0.140819,0.057269,0.165168,-0.130233,-0.499717,0.481454,0.989169,0.055044,-0.026410,-0.359576
-0.124301,-3.145553,0.775544,-0.009364,-0.013801,-0.666421,0.745389,0.060647,0.242220,0.220738,0.135374,-0.113227,-0.224291,0.117515,-0.200782,-0.207489,0.120464,-0.179241,0.223085,-0.041396,-0.008507,0.136570,0.047041,0.302546,-0.477866,0.986635,0.137091,0.053291,0.166708,-0.130646,-0.492475,0.490070,0.993061,0.050832,-0.024489,-0.351877
-0.124176,-3.145856,0.775464,-0.009633,-0.013756,-0.667405,0.744505,0.062699,0.242946,0.223185,0.135015,-0.114538,-0.225020,0.117283,-0.200223,-0.205047,0.120484,-0.179470,0.222810,-0.039374,-0.009004,0.137476,0.045659,0.304628,-0.475302,0.984770,0.133712,0.050045,0.168352,-0.130798,-0.485231,0.499317,0.996967,0.045520,-0.022772,-0.343591
-0.123950,-3.146098,0.775380,-0.009709,-0.013552,-0.668415,0.743602,0.064351,0.243475,0.225632,0.134342,-0.115660,-0.225763,0.116409,-0.199812,-0.202164,0.120491,-0.179615,0.222706,-0.037327,-0.009446,0.137818,0.044116,0.306589,-0.473124,0.983419,0.130797,0.047764,0.170124,-0.130662,-0.477970,0.509314,1.000954,0.038747,-0.021466,-0.334661
-0.123696,-3.146248,0.775208,-0.009673,-0.013257,-0.669447,0.742678,0.065775,0.243838,0.228059,0.133477,-0.116684,-0.226515,0.115130,-0.199526,-0.198954,0.120500,-0.179688,0.222749,-0.035226,-0.009863,0.137835,0.042492,0.308428,-0.471077,0.982474,0.128177,0.046110,0.171994,-0.130228,-0.470702,0.520268,1.004964,0.030411,-0.020399,-0.325035
-0.123328,-3.146357,0.775181,-0.009593,-0.012948,-0.670449,0.741780,0.067103,0.244075,0.230426,0.132526,-0.117615,-0.227249,0.113783,-0.199344,-0.195812,0.120491,-0.179730,0.222896,-0.033264,-0.010287,0.137712,0.041039,0.310140,-0.468956,0.981694,0.125679,0.044816,0.173959,-0.129464,-0.463367,0.531620,1.008879,0.021351,-0.019320,-0.314871
-0.122948,-3.146569,0.775142,-0.009536,-0.012709,-0.671363,0.740958,0.068432,0.244240,0.232684,0.131656,-0.118480,-0.227932,0.112685,-0.199247,-0.193129,0.120483,-0.179805,0.223098,-0.031601,-0.010765,0.137630,0.040000,0.311727,-0.466572,0.980862,0.123153,0.043619,0.176019,-0.128340,-0.455891,0.542756,1.012623,0.012348,-0.017964,-0.304333
-0.122686,-3.146848,0.775077,-0.009524,-0.012548,-0.672194,0.740208,0.069808,0.244351,0.234858,0.130863,-0.119275,-0.228546,0.111889,-0.199241,-0.191017,0.120478,-0.179934,0.223412,-0.030229,-0.011342,0.137612,0.039528,0.313180,-0.463686,0.979880,0.120418,0.042491,0.178363,-0.126806,-0.448210,0.553596,1.016146,0.002935,-0.016167,-0.293141
-0.122445,-3.147026,0.774988,-0.009517,-0.012429,-0.672964,0.739510,0.071159,0.244393,0.236957,0.130117,-0.120011,-0.229109,0.111236,-0.199331,-0.189269,0.120468,-0.180081,0.223842,-0.029084,-0.011994,0.137556,0.039474,0.314505,-0.460458,0.978887,0.117605,0.041558,0.180932,-0.124936,-0.440313,0.564464,1.019579,-0.007100,-0.014135,-0.281316
-0.122059,-3.147202,0.774877,-0.009509,-0.012348,-0.673649,0.738887,0.072461,0.244345,0.238923,0.129371,-0.120651,-0.229628,0.110717,-0.199499,-0.187781,0.120453,-0.180218,0.224261,-0.028230,-0.012674,0.137454,0.039585,0.315741,-0.457331,0.978040,0.114998,0.040792,0.183353,-0.122864,-0.432228,0.575322,1.023109,-0.016610,-0.012122,-0.269475
-0.121677,-3.147245,0.774851,-0.009512,-0.012282,-0.674223,0.738364,0.073667,0.244201,0.240693,0.128658,-0.121208,-0.230115,0.110317,-0.199734,-0.186452,0.120464,-0.180336,0.224545,-0.027696,-0.013328,0.137311,0.039609,0.316941,-0.454767,0.977463,0.112886,0.040165,0.185248,-0.120632,-0.423997,0.586032,1.026805,-0.024482,-0.010342,-0.258231
-0.121374,-3.147298,0.774777,-0.009560,-0.012277,-0.674685,0.737941,0.074918,0.243958,0.242334,0.127968,-0.121623,-0.230625,0.110152,-0.200025,-0.185222,0.120478,-0.180389,0.224615,-0.027437,-0.013930,0.137264,0.039446,0.318142,-0.452927,0.977124,0.111343,0.039802,0.186495,-0.118182,-0.415657,0.596721,1.030578,-0.030369,-0.008756,-0.247781
-0.121030,-3.147362,0.774729,-0.009641,-0.012322,-0.675048,0.737608,0.076174,0.243629,0.243847,0.127317,-0.121928,-0.231138,0.110186,-0.200383,-0.184157,0.120509,-0.180409,0.224551,-0.027431,-0.014510,0.137289,0.039240,0.319348,-0.451575,0.976938,0.110200,0.039679,0.187298,-0.115476,-0.407217,0.607338,1.034406,-0.034909,-0.007272,-0.237779
-0.120625,-3.147533,0.774709,-0.009677,-0.012335,-0.675306,0.737371,0.077151,0.243199,0.245083,0.126697,-0.122211,-0.231533,0.110185,-0.200823,-0.183343,0.120532,-0.180416,0.224479,-0.027727,-0.015112,0.137142,0.039121,0.320555,-0.450605,0.976914,0.109376,0.039550,0.187766,-0.112542,-0.398681,0.617559,1.038254,-0.038364,-0.005878,-0.228049
-0.120191,-3.147628,0.774696,-0.009581,-0.012240,-0.675454,0.737238,0.077613,0.242647,0.245909,0.126015,-0.122528,-0.231691,0.109877,-0.201370,-0.182857,0.120562,-0.180427,0.224533,-0.028362,-0.015774,0.136590,0.039167,0.321761,-0.449953,0.977105,0.108753,0.039169,0.188018,-0.109393,-0.390059,0.626942,1.042132,-0.041115,-0.004596,-0.218405
-0.119787,-3.147569,0.774649,-0.009282,-0.011960,-0.675466,0.737236,0.077225,0.241973,0.246204,0.125337,-0.122967,-0.231491,0.109066,-0.202024,-0.182793,0.120555,-0.180429,0.224729,-0.029413,-0.016505,0.135431,0.039408,0.322968,-0.449614,0.977573,0.108474,0.038361,0.188075,-0.105989,-0.381347,0.635307,1.045974,-0.042992,-0.003419,-0.208554
-0.119406,-3.147629,0.774605,-0.008839,-0.011556,-0.675354,0.737351,0.076228,0.241180,0.246075,0.124649,-0.123469,-0.231026,0.107916,-0.202784,-0.183079,0.120556,-0.180432,0.225005,-0.030817,-0.017285,0.133844,0.039776,0.324178,-0.449653,0.978285,0.108523,0.037295,0.187883,-0.102330,-0.372547,0.642883,1.049765,-0.043893,-0.002313,-0.198674
-0.119041,-3.147747,0.774570,-0.008376,-0.011154,-0.675168,0.737532,0.075122,0.240288,0.245695,0.123932,-0.123926,-0.230498,0.106809,-0.203632,-0.183568,0.120545,-0.180438,0.225362,-0.032408,-0.018107,0.132153,0.040229,0.325392,-0.450051,0.979128,0.108615,0.036239,0.187431,-0.098513,-0.363712,0.649905,1.053622,-0.044244,-0.001276,-0.189301
-0.118674,-3.147838,0.774527,-0.007998,-0.010898,-0.674960,0.737730,0.074372,0.239320,0.245227,0.123223,-0.124255,-0.230108,0.106108,-0.204554,-0.184108,0.120547,-0.180474,0.225801,-0.034012,-0.018954,0.130696,0.040741,0.326603,-0.450786,0.979972,0.108461,0.035458,0.186705,-0.094600,-0.354918,0.656582,1.057640,-0.044464,-0.000338,-0.180964
-0.118302,-3.148020,0.774474,-0.007771,-0.010864,-0.674735,0.737939,0.074208,0.238242,0.244648,0.122591,-0.124465,-0.229897,0.106064,-0.205595,-0.184679,0.120564,-0.180574,0.226408,-0.035629,-0.019846,0.129635,0.041311,0.327821,-0.452047,0.980833,0.107829,0.035023,0.185675,-0.090493,-0.346211,0.662971,1.061750,-0.044385,0.000540,-0.173912
-0.117874,-3.148046,0.774454,-0.007615,-0.010973,-0.674467,0.738184,0.074360,0.237045,0.243895,0.121952,-0.124552,-0.229760,0.106434,-0.206725,-0.185361,0.120552,-0.180693,0.227152,-0.037327,-0.020786,0.128783,0.041954,0.329044,-0.453780,0.981739,0.106922,0.034790,0.184353,-0.086132,-0.337605,0.668889,1.065852,-0.043927,0.001360,-0.167821
-0.117468,-3.148087,0.774440,-0.007469,-0.011088,-0.674167,0.738458,0.074499,0.235832,0.243070,0.121294,-0.124583,-0.229686,0.106843,-0.207894,-0.186137,0.120570,-0.180814,0.227866,-0.039038,-0.021687,0.127939,0.042649,0.330242,-0.455615,0.982604,0.106117,0.034717,0.182801,-0.081711,-0.329148,0.674428,1.069911,-0.043373,0.002104,-0.162359
-0.117069,-3.148112,0.774438,-0.007265,-0.011077,-0.673847,0.738753,0.074344,0.234671,0.242292,0.120487,-0.124553,-0.229665,0.106932,-0.208988,-0.187008,0.120574,-0.180855,0.228389,-0.040714,-0.022487,0.126899,0.043388,0.331364,-0.457152,0.983343,0.105794,0.034754,0.181074,-0.077421,-0.320918,0.679680,1.073893,-0.043039,0.002749,-0.157195
-0.116624,-3.147996,0.774425,-0.006974,-0.010868,-0.673472,0.739100,0.073696,0.233636,0.241558,0.119486,-0.124447,-0.229780,0.106539,-0.209918,-0.188109,0.120586,-0.180811,0.228572,-0.042432,-0.023066,0.125541,0.044163,0.332366,-0.458225,0.983904,0.106135,0.034944,0.178925,-0.073198,-0.312958,0.684532,1.077723,-0.042937,0.003317,-0.152382
-0.116196,-3.147924,0.774399,-0.006645,-0.010531,-0.673050,0.739492,0.072546,0.232720,0.240770,0.118803,-0.124513,-0.230009,0.105891,-0.210786,-0.189391,0.120601,-0.180716,0.228542,-0.044194,-0.023473,0.124007,0.044946,0.333237,-0.459051,0.984385,0.106926,0.035287,0.176414,-0.068962,-0.305285,0.688983,1.081375,-0.042917,0.003813,-0.148045
-0.115753,-3.147886,0.774387,-0.006286,-0.010203,-0.672649,0.739865,0.071055,0.231839,0.239941,0.118755,-0.124899,-0.230175,0.105157,-0.211682,-0.190585,0.120611,-0.180566,0.228526,-0.045839,-0.023861,0.122477,0.045741,0.333986,-0.459821,0.984875,0.107950,0.035680,0.174070,-0.064830,-0.297947,0.693255,1.084865,-0.043085,0.004194,-0.143952
-0.115385,-3.147916,0.774292,-0.005938,-0.009988,-0.672336,0.740155,0.069847,0.230797,0.239187,0.118702,-0.125265,-0.230093,0.104502,-0.212728,-0.191419,0.120615,-0.180363,0.228758,-0.047218,-0.024375,0.121144,0.046568,0.334628,-0.460677,0.985432,0.109020,0.036021,0.172416,-0.060877,-0.290997,0.697505,1.088146,-0.043613,0.004418,-0.139867
-0.114908,-3.147834,0.774367,-0.005579,-0.009919,-0.672138,0.740338,0.068931,0.229512,0.238410,0.118676,-0.125607,-0.229640,0.103898,-0.214012,-0.191747,0.120626,-0.180089,0.229364,-0.048272,-0.025091,0.120087,0.047394,0.335173,-0.461710,0.986057,0.110366,0.036381,0.171786,-0.057013,-0.284447,0.701539,1.091025,-0.044924,0.004652,-0.135856
-0.114474,-3.147787,0.774333,-0.005203,-0.009933,-0.672016,0.740452,0.068181,0.228061,0.237626,0.118643,-0.125927,-0.228934,0.103296,-0.215449,-0.191744,0.120622,-0.179745,0.230200,-0.049070,-0.025918,0.119200,0.048225,0.335617,-0.462823,0.986704,0.112009,0.036782,0.171835,-0.053220,-0.278313,0.705333,1.093551,-0.046802,0.004855,-0.131999
-0.114052,-3.147603,0.774318,-0.004850,-0.010014,-0.671940,0.740522,0.067620,0.226588,0.237032,0.118629,-0.126244,-0.228182,0.102793,-0.216934,-0.191596,0.120615,-0.179389,0.231091,-0.049678,-0.026748,0.118411,0.049111,0.335965,-0.463933,0.987387,0.113365,0.037054,0.172062,-0.049636,-0.272657,0.709297,1.095963,-0.048455,0.004682,-0.128078
-0.113644,-3.147495,0.774296,-0.004581,-0.010121,-0.671882,0.740575,0.067301,0.225214,0.236830,0.118596,-0.126557,-0.227578,0.102479,-0.218314,-0.191502,0.120629,-0.179085,0.231853,-0.050171,-0.027477,0.117655,0.050155,0.336215,-0.464902,0.988060,0.113892,0.037023,0.171962,-0.046395,-0.267568,0.713845,1.098475,-0.049087,0.003800,-0.123870
-0.113224,-3.147551,0.774290,-0.004427,-0.010286,-0.671842,0.740610,0.067357,0.223992,0.237245,0.118565,-0.126864,-0.227224,0.102517,-0.219583,-0.191489,0.120632,-0.178854,0.232451,-0.050566,-0.028054,0.116952,0.051489,0.336366,-0.465680,0.988699,0.113087,0.036434,0.171357,-0.043398,-0.263126,0.718975,1.101043,-0.048120,0.001880,-0.118984
-0.112770,-3.147504,0.774272,-0.004355,-0.010511,-0.671835,0.740613,0.067724,0.222844,0.238110,0.118541,-0.127172,-0.226999,0.102792,-0.220804,-0.191454,0.120669,-0.178691,0.232970,-0.050832,-0.028533,0.116340,0.053053,0.336414,-0.466312,0.989284,0.111383,0.035450,0.170527,-0.040585,-0.259368,0.724527,1.103496,-0.046058,-0.000800,-0.113636
-0.112305,-3.147392,0.774260,-0.004299,-0.010743,-0.671845,0.740602,0.068134,0.221730,0.239043,0.118499,-0.127484,-0.226767,0.103076,-0.221986,-0.191420,0.120691,-0.178503,0.233444,-0.050975,-0.028928,0.115793,0.054594,0.336361,-0.466848,0.989844,0.109565,0.034518,0.169648,-0.038086,-0.256280,0.730610,1.105772,-0.043807,-0.003673,-0.108510
-0.111887,-3.147288,0.774260,-0.004198,-0.010928,-0.671856,0.740590,0.068293,0.220615,0.239652,0.118476,-0.127839,-0.226395,0.103131,-0.223175,-0.191389,0.120709,-0.178240,0.233902,-0.051019,-0.029264,0.115267,0.055896,0.336208,-0.467304,0.990380,0.108451,0.034085,0.168903,-0.036047,-0.253805,0.737359,1.107848,-0.042269,-0.006182,-0.104307
-0.111459,-3.147011,0.774269,-0.004036,-0.011042,-0.671864,0.740581,0.068115,0.219482,0.239836,0.118454,-0.128272,-0.225786,0.102865,-0.224360,-0.191369,0.120721,-0.177869,0.234316,-0.050976,-0.029551,0.114752,0.056865,0.335943,-0.467604,0.990868,0.108347,0.034519,0.168357,-0.034628,-0.251905,0.745000,1.109908,-0.041492,-0.008278,-0.100802
-0.111064,-3.146887,0.774233,-0.003841,-0.011121,-0.671877,0.740569,0.067737,0.218355,0.239796,0.118456,-0.128765,-0.225033,0.102414,-0.225554,-0.191347,0.120742,-0.177441,0.234685,-0.050849,-0.029777,0.114266,0.057653,0.335557,-0.467728,0.991302,0.108817,0.035496,0.167906,-0.033738,-0.250555,0.753412,1.111939,-0.041065,-0.010233,-0.097768
-0.110655,-3.146718,0.774175,-0.003635,-0.011182,-0.671901,0.740548,0.067287,0.217250,0.239628,0.118455,-0.129239,-0.224280,0.101879,-0.226715,-0.191325,0.120751,-0.176975,0.235066,-0.050643,-0.029933,0.113794,0.058342,0.335080,-0.467863,0.991803,0.109470,0.036427,0.167488,-0.033242,-0.249723,0.762233,1.113771,-0.041211,-0.011984,-0.095904
-0.110249,-3.146485,0.774163,-0.003441,-0.011237,-0.671938,0.740514,0.066885,0.216180,0.239428,0.118435,-0.129624,-0.223681,0.101333,-0.227817,-0.191293,0.120759,-0.176508,0.235522,-0.050342,-0.030028,0.113322,0.059021,0.334559,-0.468195,0.992460,0.109924,0.036724,0.167039,-0.032986,-0.249369,0.771073,1.115200,-0.042158,-0.013466,-0.095912
-0.109881,-3.146284,0.774175,-0.003251,-0.011269,-0.672001,0.740457,0.066491,0.215152,0.239086,0.118426,-0.129897,-0.223314,0.100740,-0.228876,-0.191271,0.120758,-0.176025,0.236113,-0.049707,-0.030087,0.112810,0.059618,0.334113,-0.469059,0.993360,0.110007,0.035994,0.166522,-0.032938,-0.249481,0.780138,1.116218,-0.044374,-0.014693,-0.098763
-0.109454,-3.146000,0.774203,-0.003050,-0.011287,-0.672083,0.740384,0.066078,0.214154,0.238600,0.118392,-0.130078,-0.223085,0.100072,-0.229866,-0.191260,0.120738,-0.175516,0.236791,-0.049116,-0.030086,0.112259,0.060347,0.333628,-0.469897,0.994325,0.110043,0.034622,0.165973,-0.033393,-0.250008,0.789941,1.117081,-0.047475,-0.015674,-0.103844
-0.109054,-3.145797,0.774248,-0.002872,-0.011316,-0.672164,0.740310,0.065713,0.213189,0.238207,0.118360,-0.130229,-0.222885,0.099455,-0.230824,-0.191215,0.120718,-0.175012,0.237456,-0.048612,-0.030035,0.111791,0.061112,0.333079,-0.470640,0.995253,0.110076,0.033217,0.165430,-0.034081,-0.251003,0.799330,1.117491,-0.050824,-0.016355,-0.109425
-0.108739,-3.145659,0.774233,-0.002741,-0.011398,-0.672225,0.740254,0.065492,0.212249,0.238157,0.118323,-0.130405,-0.222600,0.099010,-0.231778,-0.191088,0.120710,-0.174544,0.238015,-0.048068,-0.030003,0.111517,0.061737,0.332546,-0.471449,0.996057,0.110073,0.032402,0.164935,-0.034716,-0.252296,0.806945,1.117270,-0.053831,-0.016714,-0.113789
-0.108438,-3.145441,0.774209,-0.002669,-0.011563,-0.672252,0.740228,0.065465,0.211329,0.238664,0.118313,-0.130626,-0.222192,0.098836,-0.232725,-0.190856,0.120719,-0.174145,0.238424,-0.047585,-0.030033,0.111481,0.062236,0.332044,-0.472280,0.996688,0.109953,0.032526,0.164462,-0.035380,-0.253780,0.812522,1.116473,-0.056130,-0.016660,-0.116788
-0.108112,-3.145062,0.774172,-0.002641,-0.011788,-0.672257,0.740219,0.065589,0.210432,0.239554,0.118300,-0.130859,-0.221724,0.098833,-0.233650,-0.190549,0.120750,-0.173790,0.238738,-0.047143,-0.030083,0.111612,0.062650,0.331531,-0.473131,0.997229,0.109753,0.033196,0.164005,-0.036129,-0.255562,0.816704,1.115091,-0.058105,-0.016215,-0.119231
-0.107809,-3.144865,0.774143,-0.002631,-0.012023,-0.672262,0.740211,0.065742,0.209571,0.240455,0.118288,-0.131097,-0.221237,0.098876,-0.234537,-0.190207,0.120758,-0.173425,0.239008,-0.046675,-0.030137,0.111811,0.063020,0.331033,-0.473970,0.997720,0.109622,0.033923,0.163623,-0.037020,-0.257546,0.819803,1.113531,-0.060273,-0.015664,-0.120882
-0.107479,-3.144750,0.774205,-0.002617,-0.012219,-0.672288,0.740184,0.065810,0.208758,0.241002,0.118274,-0.131331,-0.220777,0.098789,-0.235368,-0.189869,0.120768,-0.173019,0.239286,-0.046178,-0.030165,0.111963,0.063446,0.330548,-0.474687,0.998176,0.109732,0.034213,0.163375,-0.038061,-0.259705,0.822264,1.111967,-0.063057,-0.015180,-0.121498
-0.107131,-3.144460,0.774242,-0.002601,-0.012369,-0.672332,0.740142,0.065765,0.208012,0.241006,0.118268,-0.131604,-0.220344,0.098560,-0.236136,-0.189555,0.120777,-0.172542,0.239582,-0.045709,-0.030160,0.112055,0.064023,0.330067,-0.475132,0.998571,0.110271,0.033817,0.163403,-0.039264,-0.262013,0.823949,1.110439,-0.067256,-0.014787,-0.120499
-0.106899,-3.144218,0.774186,-0.002597,-0.012493,-0.672387,0.740090,0.065668,0.207323,0.240693,0.118267,-0.131903,-0.219918,0.098270,-0.236819,-0.189252,0.120778,-0.172024,0.239865,-0.045280,-0.030144,0.112135,0.064686,0.329589,-0.475382,0.998922,0.111097,0.033036,0.163633,-0.040657,-0.264458,0.824765,1.108898,-0.072391,-0.014403,-0.118193
-0.106622,-3.143907,0.774199,-0.002575,-0.012607,-0.672464,0.740018,0.065528,0.206658,0.240318,0.118269,-0.132158,-0.219511,0.097900,-0.237495,-0.188911,0.120772,-0.171500,0.240140,-0.044804,-0.030118,0.112186,0.065323,0.329127,-0.475634,0.999245,0.111936,0.032205,0.163798,-0.042274,-0.267029,0.825122,1.107438,-0.077055,-0.014066,-0.115658
-0.106370,-3.143624,0.774172,-0.002524,-0.012707,-0.672575,0.739915,0.065355,0.205988,0.240144,0.118265,-0.132289,-0.219136,0.097426,-0.238163,-0.188497,0.120796,-0.171045,0.240401,-0.044213,-0.030091,0.112190,0.065836,0.328702,-0.476074,0.999543,0.112507,0.031662,0.163630,-0.044141,-0.269712,0.825424,1.106142,-0.079865,-0.013795,-0.113978
-0.106122,-3.143522,0.774164,-0.002432,-0.012799,-0.672730,0.739773,0.065164,0.205291,0.240207,0.118243,-0.132241,-0.218822,0.096876,-0.238862,-0.188031,0.120793,-0.170664,0.240638,-0.043486,-0.030062,0.112143,0.066218,0.328337,-0.476733,0.999764,0.112727,0.031519,0.162904,-0.046281,-0.272479,0.825705,1.105080,-0.079897,-0.013600,-0.113411
-0.105873,-3.143127,0.774179,-0.002304,-0.012885,-0.672919,0.739600,0.064937,0.204577,0.240383,0.118209,-0.132057,-0.218551,0.096226,-0.239565,-0.187521,0.120794,-0.170327,0.240862,-0.042670,-0.030052,0.112049,0.066527,0.328038,-0.477505,0.999911,0.112749,0.031592,0.161809,-0.048730,-0.275328,0.825812,1.104271,-0.078052,-0.013471,-0.113394
-0.105702,-3.142891,0.774197,-0.002163,-0.012952,-0.673132,0.739406,0.064666,0.203905,0.240673,0.118195,-0.131853,-0.218276,0.095492,-0.240230,-0.186924,0.120800,-0.169998,0.241080,-0.041795,-0.030039,0.111931,0.066790,0.327788,-0.478370,1.000030,0.112643,0.031762,0.160698,-0.051400,-0.278241,0.825782,1.103512,-0.075744,-0.013367,-0.113770
-0.105478,-3.142546,0.774227,-0.002020,-0.012996,-0.673357,0.739201,0.064363,0.203298,0.241090,0.118177,-0.131711,-0.217937,0.094679,-0.240817,-0.186203,0.120803,-0.169621,0.241310,-0.040891,-0.030029,0.111804,0.067030,0.327552,-0.479282,1.000197,0.112509,0.031919,0.159919,-0.054287,-0.281218,0.825725,1.102736,-0.074325,-0.013260,-0.114387
-0.105302,-3.142221,0.774201,-0.001873,-0.012997,-0.673598,0.738981,0.063988,0.202769,0.241662,0.118162,-0.131650,-0.217477,0.093750,-0.241350,-0.185271,0.120794,-0.169171,0.241594,-0.039946,-0.030009,0.111624,0.067225,0.327295,-0.480310,1.000443,0.112295,0.032081,0.159623,-0.057393,-0.284254,0.825704,1.101958,-0.074209,-0.013159,-0.115202
-0.105125,-3.141948,0.774224,-0.001706,-0.012972,-0.673860,0.738743,0.063555,0.202293,0.242377,0.118149,-0.131626,-0.216939,0.092711,-0.241808,-0.184178,0.120777,-0.168680,0.241911,-0.038950,-0.029982,0.111394,0.067347,0.327011,-0.481454,1.000774,0.111976,0.032291,0.159610,-0.060764,-0.287350,0.825696,1.101267,-0.074614,-0.013078,-0.116299
-0.104967,-3.141680,0.774256,-0.001560,-0.012932,-0.674129,0.738499,0.063120,0.201893,0.243172,0.118155,-0.131630,-0.216430,0.091650,-0.242220,-0.183071,0.120782,-0.168187,0.242183,-0.037955,-0.029935,0.111191,0.067416,0.326704,-0.482553,1.001191,0.111708,0.032467,0.159709,-0.064308,-0.290495,0.825524,1.100519,-0.075263,-0.012973,-0.117712
-0.104841,-3.141371,0.774262,-0.001452,-0.012908,-0.674395,0.738256,0.062761,0.201569,0.243987,0.118139,-0.131627,-0.216055,0.090685,-0.242536,-0.182115,0.120760,-0.167699,0.242322,-0.037007,-0.029865,0.111099,0.067447,0.326386,-0.483457,1.001687,0.111634,0.032525,0.159744,-0.067940,-0.293662,0.825026,1.099546,-0.075843,-0.012799,-0.119471
-0.104763,-3.141161,0.774234,-0.001389,-0.012852,-0.674667,0.738009,0.062413,0.201383,0.244856,0.118136,-0.131627,-0.215932,0.089721,-0.242723,-0.181360,0.120768,-0.167217,0.242229,-0.036127,-0.029738,0.111067,0.067436,0.326081,-0.484241,1.002347,0.111796,0.032399,0.159774,-0.071724,-0.296832,0.824240,1.098381,-0.076395,-0.012483,-0.121772
-0.104627,-3.140794,0.774266,-0.001351,-0.012779,-0.674945,0.737756,0.062074,0.201308,0.245793,0.118110,-0.131615,-0.215974,0.088762,-0.242805,-0.180721,0.120763,-0.166712,0.241975,-0.035285,-0.029575,0.111081,0.067394,0.325793,-0.484936,1.003124,0.112123,0.032148,0.159853,-0.075692,-0.300001,0.823222,1.097119,-0.077044,-0.012069,-0.124537
-0.104524,-3.140406,0.774294,-0.001362,-0.012755,-0.675210,0.737514,0.061871,0.201246,0.246714,0.118097,-0.131636,-0.215983,0.087966,-0.242866,-0.180137,0.120766,-0.166267,0.241735,-0.034472,-0.029447,0.111253,0.067356,0.325508,-0.485362,1.003828,0.112543,0.031880,0.159808,-0.079720,-0.303160,0.821891,1.095691,-0.077581,-0.011693,-0.127391
-0.104425,-3.140012,0.774295,-0.001446,-0.012852,-0.675439,0.737302,0.061919,0.201112,0.247525,0.118105,-0.131692,-0.215764,0.087413,-0.243020,-0.179521,0.120977,-0.166051,0.241684,-0.033682,-0.029411,0.111696,0.067362,0.325199,-0.485315,1.004275,0.112998,0.031701,0.159460,-0.083673,-0.306303,0.820133,1.094036,-0.077834,-0.011487,-0.129961
-0.104337,-3.139663,0.774295,-0.001640,-0.013168,-0.675624,0.737127,0.062447,0.200848,0.248241,0.118126,-0.131846,-0.215170,0.087453,-0.243284,-0.178884,0.121126,-0.165992,0.241932,-0.032896,-0.029513,0.112585,0.067495,0.324828,-0.484482,1.004337,0.113539,0.031679,0.158561,-0.087570,-0.309433,0.817938,1.092202,-0.077631,-0.011508,-0.132136
-0.104296,-3.139274,0.774243,-0.001923,-0.013635,-0.675777,0.736978,0.063315,0.200524,0.248897,0.118165,-0.132068,-0.214342,0.087876,-0.243644,-0.178237,0.121363,-0.166123,0.242369,-0.032145,-0.029697,0.113796,0.067712,0.324385,-0.483030,1.004164,0.114192,0.031743,0.157276,-0.091452,-0.312556,0.815355,1.090170,-0.077135,-0.011642,-0.134120
-0.104256,-3.138993,0.774208,-0.002204,-0.014107,-0.675907,0.736848,0.064140,0.200197,0.249435,0.118214,-0.132251,-0.213493,0.088333,-0.243975,-0.177632,0.121546,-0.166235,0.242824,-0.031451,-0.029892,0.115038,0.067819,0.323908,-0.481545,1.003996,0.114828,0.031782,0.156050,-0.095291,-0.315653,0.812446,1.087938,-0.076543,-0.011895,-0.136009
-0.104220,-3.138630,0.774211,-0.002393,-0.014438,-0.676023,0.736736,0.064556,0.199933,0.249797,0.118227,-0.132258,-0.212843,0.088422,-0.244231,-0.177095,0.121680,-0.166198,0.243134,-0.030827,-0.030034,0.116006,0.067639,0.323457,-0.480612,1.004062,0.115320,0.031694,0.155331,-0.099093,-0.318720,0.809291,1.085558,-0.076050,-0.012260,-0.137906
-0.104165,-3.138170,0.774254,-0.002437,-0.014546,-0.676124,0.736640,0.064302,0.199771,0.249888,0.118236,-0.132031,-0.212483,0.087931,-0.244374,-0.176635,0.121743,-0.165938,0.243237,-0.030280,-0.030101,0.116563,0.067103,0.323082,-0.480480,1.004431,0.115704,0.031406,0.155302,-0.102798,-0.321731,0.805642,1.082943,-0.075784,-0.012845,-0.139755
-0.104176,-3.137927,0.774278,-0.002394,-0.014525,-0.676206,0.736565,0.063655,0.199654,0.249775,0.118217,-0.131642,-0.212282,0.087111,-0.244431,-0.176243,0.121727,-0.165528,0.243225,-0.029771,-0.030154,0.116886,0.066306,0.322794,-0.480853,1.004960,0.115989,0.030996,0.155703,-0.106436,-0.324693,0.801528,1.080144,-0.075621,-0.013623,-0.141532
-0.104154,-3.137526,0.774305,-0.002330,-0.014489,-0.676275,0.736503,0.062921,0.199566,0.249604,0.118206,-0.131191,-0.212138,0.086230,-0.244466,-0.175892,0.121739,-0.165108,0.243172,-0.029267,-0.030221,0.117186,0.065402,0.322574,-0.481434,1.005462,0.116084,0.030567,0.156291,-0.110003,-0.327604,0.797320,1.077189,-0.075440,-0.014367,-0.143375
-0.104212,-3.137074,0.774311,-0.002349,-0.014522,-0.676333,0.736449,0.062433,0.199472,0.249535,0.118199,-0.130761,-0.211937,0.085565,-0.244528,-0.175565,0.121855,-0.164795,0.243146,-0.028751,-0.030333,0.117656,0.064527,0.322385,-0.481919,1.005790,0.115891,0.030225,0.156832,-0.113543,-0.330468,0.793455,1.074145,-0.075085,-0.014851,-0.145428
-0.104273,-3.136845,0.774299,-0.002450,-0.014693,-0.676386,0.736397,0.062323,0.199342,0.249644,0.118191,-0.130361,-0.211636,0.085292,-0.244603,-0.175279,0.121940,-0.164543,0.243201,-0.028249,-0.030503,0.118387,0.063695,0.322207,-0.482264,1.005925,0.115188,0.029968,0.157331,-0.117122,-0.333276,0.790048,1.071017,-0.074415,-0.014921,-0.147772
-0.104277,-3.136322,0.774312,-0.002606,-0.014926,-0.676429,0.736352,0.062411,0.199201,0.249838,0.118183,-0.129956,-0.211296,0.085204,-0.244696,-0.175028,0.122076,-0.164356,0.243282,-0.027790,-0.030705,0.119250,0.062850,0.322034,-0.482574,1.005958,0.114114,0.029746,0.157896,-0.120732,-0.336016,0.786905,1.067809,-0.073545,-0.014733,-0.150320
-0.104285,-3.135859,0.774329,-0.002784,-0.015169,-0.676457,0.736321,0.062525,0.199093,0.250014,0.118190,-0.129556,-0.210978,0.085161,-0.244764,-0.174811,0.122263,-0.164203,0.243324,-0.027352,-0.030910,0.120140,0.062003,0.321859,-0.482822,1.005895,0.113072,0.029596,0.158436,-0.124278,-0.338690,0.783972,1.064552,-0.072702,-0.014515,-0.152952
-0.104286,-3.135468,0.774352,-0.002954,-0.015367,-0.676462,0.736311,0.062529,0.199065,0.250069,0.118194,-0.129175,-0.210740,0.085031,-0.244753,-0.174643,0.122508,-0.164053,0.243249,-0.026920,-0.031073,0.120962,0.061161,0.321669,-0.482958,1.005725,0.112472,0.029549,0.158857,-0.127657,-0.341292,0.781170,1.061237,-0.072122,-0.014496,-0.155548
-0.104370,-3.135217,0.774353,-0.003104,-0.015487,-0.676431,0.736336,0.062346,0.199145,0.249951,0.118187,-0.128825,-0.210611,0.084805,-0.244667,-0.174553,0.122764,-0.163882,0.242978,-0.026504,-0.031160,0.121643,0.060311,0.321454,-0.482991,1.005446,0.112410,0.029686,0.159004,-0.130816,-0.343825,0.778425,1.057843,-0.071897,-0.014757,-0.158176
-0.104457,-3.134907,0.774376,-0.003252,-0.015565,-0.676372,0.736388,0.062054,0.199304,0.249719,0.118189,-0.128504,-0.210553,0.084528,-0.244513,-0.174527,0.123045,-0.163697,0.242569,-0.026099,-0.031200,0.122257,0.059439,0.321212,-0.482943,1.005075,0.112677,0.029962,0.158973,-0.133819,-0.346294,0.775780,1.054370,-0.071894,-0.015166,-0.160867
-0.104559,-3.134526,0.774395,-0.003417,-0.015641,-0.676310,0.736443,0.061781,0.199497,0.249455,0.118183,-0.128163,-0.210536,0.084270,-0.244325,-0.174511,0.123341,-0.163522,0.242165,-0.025690,-0.031244,0.122890,0.058567,0.320942,-0.482802,1.004650,0.113196,0.030234,0.159049,-0.136714,-0.348689,0.773349,1.050880,-0.072059,-0.015637,-0.163444
-0.104561,-3.133985,0.774423,-0.003611,-0.015764,-0.676269,0.736477,0.061644,0.199680,0.249242,0.118192,-0.127799,-0.210526,0.084120,-0.244120,-0.174449,0.123577,-0.163336,0.241905,-0.025255,-0.031338,0.123630,0.057730,0.320638,-0.482532,1.004206,0.113911,0.030353,0.159516,-0.139550,-0.350985,0.771253,1.047420,-0.072323,-0.016082,-0.165734
-0.104618,-3.133630,0.774449,-0.003863,-0.015937,-0.676279,0.736463,0.061732,0.199855,0.249116,0.118176,-0.127339,-0.210573,0.084170,-0.243877,-0.174285,0.123602,-0.163067,0.241855,-0.024752,-0.031523,0.124532,0.057014,0.320274,-0.481908,1.003694,0.115157,0.030252,0.160742,-0.142406,-0.353166,0.769603,1.044014,-0.072802,-0.016467,-0.167636
-0.104686,-3.133253,0.774462,-0.004146,-0.016148,-0.676319,0.736420,0.061956,0.200040,0.249027,0.118174,-0.126844,-0.210670,0.084305,-0.243598,-0.174047,0.123574,-0.162782,0.241931,-0.024221,-0.031758,0.125537,0.056379,0.319843,-0.480989,1.003130,0.116866,0.030021,0.162479,-0.145256,-0.355213,0.768327,1.040655,-0.073480,-0.016840,-0.169264
-0.104726,-3.132827,0.774483,-0.004441,-0.016375,-0.676339,0.736395,0.062194,0.200219,0.248929,0.118168,-0.126355,-0.210723,0.084530,-0.243335,-0.173876,0.123487,-0.162479,0.242051,-0.023768,-0.031990,0.126548,0.055657,0.319390,-0.480237,1.002647,0.118317,0.029743,0.164092,-0.148051,-0.357122,0.767300,1.037455,-0.074105,-0.017249,-0.170767
-0.104826,-3.132403,0.774502,-0.004721,-0.016598,-0.676292,0.736432,0.062330,0.200365,0.248773,0.118171,-0.125950,-0.210634,0.084779,-0.243111,-0.173902,0.123440,-0.162211,0.242136,-0.023475,-0.032184,0.127491,0.054701,0.318984,-0.480104,1.002329,0.118809,0.029504,0.164935,-0.150684,-0.358885,0.766316,1.034450,-0.074448,-0.017741,-0.172292
-0.104877,-3.131890,0.774520,-0.004975,-0.016818,-0.676128,0.736575,0.062300,0.200479,0.248525,0.118174,-0.125708,-0.210299,0.085114,-0.242955,-0.174265,0.123400,-0.161975,0.242221,-0.023451,-0.032305,0.128326,0.053353,0.318719,-0.481086,1.002308,0.117765,0.029326,0.164674,-0.153172,-0.360512,0.765375,1.031683,-0.074313,-0.018371,-0.173972
-0.104978,-3.131563,0.774494,-0.005229,-0.017031,-0.675887,0.736790,0.062164,0.200576,0.248214,0.118206,-0.125587,-0.209795,0.085531,-0.242852,-0.174860,0.123347,-0.161754,0.242334,-0.023586,-0.032409,0.129114,0.051764,0.318612,-0.482852,1.002418,0.115668,0.029171,0.163689,-0.155500,-0.362007,0.764487,1.029057,-0.073899,-0.019100,-0.175693
-0.105070,-3.131075,0.774508,-0.005477,-0.017253,-0.675644,0.737005,0.062024,0.200647,0.247896,0.118250,-0.125429,-0.209300,0.085897,-0.242772,-0.175439,0.123411,-0.161592,0.242368,-0.023735,-0.032592,0.129891,0.050272,0.318605,-0.484546,1.002359,0.113398,0.029023,0.162435,-0.157810,-0.363169,0.763726,1.026793,-0.073472,-0.019853,-0.177258
-0.105198,-3.130770,0.774462,-0.005717,-0.017497,-0.675477,0.737151,0.062011,0.200694,0.247635,0.118250,-0.125077,-0.208990,0.086140,-0.242717,-0.175768,0.123618,-0.161487,0.242219,-0.023532,-0.032860,0.130754,0.049008,0.318580,-0.485554,1.001917,0.111792,0.028859,0.161374,-0.159709,-0.364335,0.762789,1.024357,-0.073380,-0.020513,-0.178419
-0.105274,-3.130340,0.774532,-0.005948,-0.017787,-0.675432,0.737183,0.062201,0.200702,0.247485,0.118239,-0.124433,-0.208972,0.086170,-0.242688,-0.175697,0.124139,-0.161504,0.241769,-0.022968,-0.033264,0.131740,0.048150,0.318434,-0.485288,1.000958,0.111138,0.028667,0.160488,-0.161310,-0.365402,0.761686,1.021820,-0.073917,-0.021026,-0.178995
-0.105371,-3.129945,0.774587,-0.006182,-0.018097,-0.675460,0.737148,0.062516,0.200680,0.247398,0.118215,-0.123593,-0.209128,0.086045,-0.242708,-0.175374,0.124918,-0.161629,0.241104,-0.022223,-0.033755,0.132768,0.047532,0.318176,-0.484218,0.999724,0.110971,0.028455,0.159592,-0.162782,-0.366233,0.760584,1.019463,-0.074824,-0.021463,-0.179159
-0.105440,-3.129583,0.774631,-0.006410,-0.018397,-0.675493,0.737109,0.062803,0.200649,0.247279,0.118191,-0.122738,-0.209312,0.085907,-0.242725,-0.175027,0.125651,-0.161746,0.240425,-0.021440,-0.034279,0.133739,0.046999,0.317903,-0.483015,0.998420,0.111097,0.028234,0.158882,-0.164227,-0.366743,0.759733,1.017592,-0.075558,-0.021915,-0.179238
-0.105558,-3.129171,0.774603,-0.006619,-0.018654,-0.675463,0.737128,0.062912,0.200634,0.247039,0.118179,-0.122046,-0.209369,0.085801,-0.242696,-0.174851,0.126203,-0.161819,0.239927,-0.020804,-0.034714,0.134597,0.046354,0.317598,-0.482262,0.997291,0.111380,0.028009,0.158553,-0.165613,-0.367156,0.759372,1.016216,-0.075613,-0.022454,-0.179522
-0.105704,-3.128875,0.774613,-0.006804,-0.018841,-0.675343,0.737232,0.062740,0.200663,0.246537,0.118168,-0.121583,-0.209267,0.085743,-0.242625,-0.174896,0.126480,-0.161832,0.239693,-0.020241,-0.035151,0.135264,0.045667,0.317521,-0.482261,0.996179,0.111918,0.027842,0.158823,-0.166933,-0.367241,0.759479,1.015540,-0.074669,-0.023218,-0.180182
-0.105779,-3.128459,0.774624,-0.006983,-0.018980,-0.675172,0.737383,0.062399,0.200708,0.245863,0.118178,-0.121270,-0.209080,0.085788,-0.242491,-0.175085,0.126420,-0.161726,0.239608,-0.019906,-0.035393,0.135910,0.044756,0.317175,-0.482433,0.995330,0.112802,0.027670,0.159574,-0.168276,-0.367514,0.760286,1.015149,-0.072841,-0.024102,-0.180975
-0.105788,-3.128043,0.774638,-0.007149,-0.019113,-0.674981,0.737553,0.062024,0.200743,0.245253,0.118182,-0.120977,-0.208835,0.085793,-0.242391,-0.175329,0.126435,-0.161663,0.239576,-0.019463,-0.035698,0.136560,0.043880,0.317019,-0.482834,0.994378,0.113690,0.027454,0.160304,-0.169332,-0.367606,0.760967,1.014994,-0.071140,-0.024910,-0.181720
-0.105890,-3.127557,0.774633,-0.007319,-0.019276,-0.674802,0.737711,0.061757,0.200732,0.244942,0.118185,-0.120607,-0.208553,0.085843,-0.242350,-0.175608,0.126518,-0.161606,0.239510,-0.019121,-0.035852,0.137078,0.042954,0.316604,-0.483486,0.993809,0.113968,0.027089,0.160737,-0.170247,-0.367726,0.762174,1.015140,-0.069612,-0.025397,-0.182325
-0.106023,-3.127281,0.774650,-0.007472,-0.019531,-0.674636,0.737854,0.061688,0.200607,0.245178,0.118202,-0.120082,-0.208206,0.085980,-0.242468,-0.175937,0.126752,-0.161575,0.239413,-0.018683,-0.036061,0.137763,0.041950,0.316252,-0.484263,0.993329,0.113667,0.026501,0.160523,-0.170919,-0.367735,0.763173,1.015452,-0.068909,-0.025464,-0.182717
-0.106059,-3.126863,0.774689,-0.007620,-0.019833,-0.674469,0.737998,0.061744,0.200407,0.245777,0.118187,-0.119455,-0.207795,0.086154,-0.242686,-0.176325,0.127113,-0.161583,0.239321,-0.018210,-0.036258,0.138448,0.040862,0.315888,-0.485312,0.993059,0.112907,0.025749,0.159979,-0.171393,-0.367646,0.764276,1.016087,-0.068552,-0.025247,-0.183013
-0.106138,-3.126426,0.774718,-0.007764,-0.020111,-0.674307,0.738136,0.061758,0.200252,0.246315,0.118191,-0.118882,-0.207382,0.086304,-0.242855,-0.176721,0.127438,-0.161566,0.239198,-0.017708,-0.036352,0.139013,0.039665,0.315338,-0.486498,0.993087,0.112001,0.024966,0.159407,-0.171731,-0.367359,0.765467,1.017067,-0.068377,-0.024917,-0.183096
-0.106215,-3.126009,0.774701,-0.007929,-0.020276,-0.674158,0.738266,0.061589,0.200252,0.246375,0.118192,-0.118471,-0.207024,0.086292,-0.242846,-0.177063,0.127708,-0.161521,0.239005,-0.017231,-0.036348,0.139453,0.038578,0.314766,-0.487436,0.993086,0.111347,0.024280,0.159015,-0.171915,-0.366908,0.766588,1.018118,-0.068322,-0.024647,-0.182803
-0.106317,-3.125749,0.774696,-0.008079,-0.020285,-0.674019,0.738392,0.061054,0.200504,0.245691,0.118226,-0.118286,-0.206763,0.086068,-0.242533,-0.177349,0.127750,-0.161368,0.238667,-0.016829,-0.036185,0.139664,0.037622,0.314172,-0.488072,0.993077,0.110975,0.023643,0.158883,-0.171984,-0.366279,0.767700,1.019280,-0.068405,-0.024468,-0.181995
-0.106402,-3.125304,0.774692,-0.008236,-0.020174,-0.673886,0.738514,0.060301,0.200930,0.244538,0.118246,-0.118232,-0.206560,0.085648,-0.242046,-0.177592,0.127755,-0.161191,0.238229,-0.016489,-0.035901,0.139720,0.036780,0.313589,-0.488516,0.993042,0.110720,0.023016,0.158861,-0.171910,-0.365493,0.768821,1.020560,-0.068685,-0.024288,-0.180779
-0.106421,-3.124951,0.774780,-0.008409,-0.020063,-0.673769,0.738622,0.059584,0.201379,0.243299,0.118285,-0.118273,-0.206357,0.085289,-0.241508,-0.177828,0.127663,-0.160967,0.237820,-0.016196,-0.035586,0.139713,0.036039,0.312883,-0.488802,0.993084,0.110603,0.022528,0.158922,-0.171832,-0.364370,0.770085,1.022212,-0.068913,-0.024122,-0.179428
-0.106517,-3.124478,0.774737,-0.008618,-0.020064,-0.673675,0.738705,0.059183,0.201713,0.242360,0.118313,-0.118338,-0.206102,0.085136,-0.241129,-0.178055,0.127671,-0.160808,0.237578,-0.015866,-0.035338,0.139838,0.035480,0.312129,-0.488983,0.992999,0.110624,0.022319,0.158996,-0.171641,-0.363048,0.771480,1.023981,-0.068851,-0.023963,-0.178182
-0.106582,-3.124103,0.774700,-0.008888,-0.020231,-0.673597,0.738769,0.059222,0.201902,0.241816,0.118366,-0.118502,-0.205761,0.085404,-0.240944,-0.178368,0.127666,-0.160688,0.237617,-0.015466,-0.035168,0.140211,0.035185,0.311314,-0.488983,0.992660,0.110845,0.022544,0.159127,-0.171205,-0.361621,0.772954,1.025727,-0.068370,-0.023777,-0.177023
-0.106591,-3.123719,0.774690,-0.009207,-0.020493,-0.673533,0.738816,0.059569,0.202007,0.241470,0.118390,-0.118751,-0.205369,0.085945,-0.240863,-0.178731,0.127633,-0.160589,0.237840,-0.014988,-0.035029,0.140771,0.035117,0.310502,-0.488842,0.992063,0.111227,0.023094,0.159315,-0.170419,-0.360275,0.774430,1.027236,-0.067623,-0.023561,-0.175825
-0.106595,-3.123354,0.774682,-0.009520,-0.020789,-0.673501,0.738833,0.059987,0.202068,0.241246,0.118443,-0.118963,-0.204974,0.086446,-0.240843,-0.178970,0.127710,-0.160509,0.238056,-0.014512,-0.034880,0.141313,0.035076,0.309575,-0.488694,0.991563,0.111692,0.023697,0.159463,-0.169579,-0.358775,0.776083,1.028861,-0.066760,-0.023385,-0.174715
-0.106614,-3.123105,0.774666,-0.009782,-0.021048,-0.673519,0.738805,0.060308,0.202086,0.241084,0.118475,-0.118979,-0.204618,0.086675,-0.240825,-0.178934,0.127880,-0.160384,0.238075,-0.013995,-0.034732,0.141757,0.034994,0.308711,-0.488757,0.991136,0.112102,0.024091,0.159427,-0.168598,-0.357306,0.777834,1.030281,-0.065986,-0.023294,-0.173775
-0.106611,-3.122690,0.774718,-0.009959,-0.021248,-0.673613,0.738712,0.060446,0.202036,0.240980,0.118486,-0.118696,-0.204292,0.086359,-0.240900,-0.178424,0.128422,-0.160280,0.237780,-0.013429,-0.034610,0.142027,0.034801,0.307889,-0.489083,0.990868,0.112420,0.024220,0.159072,-0.167654,-0.355741,0.779840,1.031737,-0.065230,-0.023336,-0.173110
-0.106618,-3.122428,0.774742,-0.010075,-0.021434,-0.673765,0.738566,0.060508,0.201925,0.240963,0.118494,-0.118220,-0.203981,0.085734,-0.241000,-0.177594,0.129162,-0.160169,0.237286,-0.012658,-0.034532,0.142371,0.034678,0.307401,-0.489684,0.990253,0.112646,0.024231,0.158436,-0.166199,-0.354698,0.781785,1.032280,-0.064409,-0.023437,-0.172584
-0.106647,-3.122157,0.774774,-0.010199,-0.021614,-0.673932,0.738406,0.060604,0.201810,0.241016,0.118493,-0.117706,-0.203719,0.085129,-0.241114,-0.176723,0.129850,-0.160026,0.236783,-0.012133,-0.034427,0.142510,0.034602,0.306663,-0.490186,0.990028,0.112964,0.024133,0.157877,-0.165113,-0.352948,0.784068,1.033669,-0.063761,-0.023609,-0.172168
-0.106591,-3.121656,0.774782,-0.010377,-0.021814,-0.674071,0.738271,0.060832,0.201764,0.241115,0.118499,-0.117318,-0.203547,0.084783,-0.241155,-0.176084,0.130399,-0.159920,0.236446,-0.011686,-0.034285,0.142708,0.034723,0.306003,-0.490681,0.989740,0.113382,0.023971,0.157569,-0.163699,-0.351191,0.786057,1.034753,-0.063549,-0.023761,-0.171635
-0.106565,-3.121359,0.774750,-0.010662,-0.022064,-0.674191,0.738150,0.061339,0.201843,0.241268,0.118502,-0.117100,-0.203550,0.084908,-0.241048,-0.175750,0.130628,-0.159801,0.236369,-0.011334,-0.034030,0.143069,0.035118,0.305377,-0.491091,0.989367,0.113968,0.023644,0.157759,-0.161919,-0.349423,0.787645,1.035494,-0.063988,-0.023927,-0.171011
-0.106546,-3.121030,0.774705,-0.011030,-0.022328,-0.674308,0.738030,0.062034,0.201999,0.241483,0.118509,-0.116972,-0.203685,0.085299,-0.240875,-0.175566,0.130697,-0.159684,0.236440,-0.011039,-0.033696,0.143532,0.035707,0.304770,-0.491474,0.988960,0.114689,0.023170,0.158262,-0.159853,-0.347648,0.789010,1.035967,-0.064846,-0.024124,-0.170358
-0.106553,-3.120875,0.774682,-0.011372,-0.022575,-0.674390,0.737943,0.062663,0.202131,0.241741,0.118514,-0.116889,-0.203782,0.085718,-0.240696,-0.175507,0.130713,-0.159583,0.236530,-0.010882,-0.033395,0.143859,0.036385,0.304196,-0.491902,0.988598,0.115405,0.022763,0.158678,-0.157561,-0.345863,0.790323,1.036263,-0.065890,-0.024248,-0.169580
-0.106514,-3.120502,0.774724,-0.011592,-0.022765,-0.674402,0.737922,0.062951,0.202146,0.242026,0.118591,-0.116853,-0.203669,0.085922,-0.240673,-0.175534,0.130842,-0.159540,0.236517,-0.010940,-0.033248,0.143834,0.037048,0.303683,-0.492455,0.988347,0.115974,0.022638,0.158606,-0.155185,-0.344077,0.791903,1.036516,-0.066698,-0.024205,-0.168584
-0.106488,-3.120202,0.774743,-0.011684,-0.022918,-0.674337,0.737975,0.062897,0.202013,0.242551,0.118809,-0.116944,-0.203214,0.085899,-0.240822,-0.175605,0.131218,-0.159623,0.236285,-0.011202,-0.033309,0.143450,0.037708,0.303251,-0.493104,0.988178,0.116380,0.022973,0.157719,-0.152599,-0.342279,0.793687,1.036625,-0.067544,-0.023791,-0.167150
-0.106497,-3.120028,0.774741,-0.011708,-0.023031,-0.674213,0.738085,0.062669,0.201785,0.243262,0.119042,-0.117109,-0.202539,0.085779,-0.241097,-0.175749,0.131710,-0.159788,0.235930,-0.011646,-0.033515,0.142810,0.038422,0.302904,-0.493832,0.988054,0.116678,0.023616,0.156306,-0.149846,-0.340474,0.795655,1.036616,-0.068431,-0.023123,-0.165395
-0.106473,-3.119883,0.774764,-0.011618,-0.023075,-0.674035,0.738248,0.062129,0.201475,0.243714,0.119193,-0.117166,-0.201850,0.085463,-0.241442,-0.176037,0.132146,-0.159930,0.235633,-0.012327,-0.033795,0.141857,0.039200,0.302645,-0.494648,0.987957,0.116894,0.024279,0.154860,-0.147051,-0.338649,0.797776,1.036566,-0.068938,-0.022555,-0.163720
-0.106477,-3.119787,0.774758,-0.011420,-0.022969,-0.673812,0.738458,0.061164,0.201106,0.243467,0.119158,-0.116945,-0.201356,0.084914,-0.241773,-0.176556,0.132199,-0.159854,0.235573,-0.013309,-0.034083,0.140528,0.040059,0.302478,-0.495559,0.987873,0.117061,0.024673,0.153877,-0.144386,-0.336793,0.800067,1.036622,-0.068623,-0.022446,-0.162531
